	Sample Number: S01	Sample Number: S02	Sample Number: S03	Sample Number: S04	Sample Number: S05	Sample Number: S06	Sample Number: S07	Sample Number: S08	Sample Number: S09	Sample Number: S10	Sample Number: S11	Sample Number: S12	Sample Number: S13	Sample Number: S14	Sample Number: S15	Sample Number: S16	Sample Number: S17	Sample Number: S18	Sample Number: S19	Sample Number: S20	Sample Number: S21	Sample Number: S22	Sample Number: S23	Sample Number: S24	Sample Number: S25	Sample Number: S26	Sample Number: S27	Sample Number: S28	Sample Number: S29	Sample Number: S30	Sample Number: S31	Sample Number: S32	Sample Number: S33	Sample Number: S34	Sample Number: S35	Sample Number: S36	Sample Number: S37	Sample Number: S38	Sample Number: S39	Sample Number: S40	Sample Number: S41	Sample Number: S42	Sample Number: S43	Sample Number: S44	Sample Number: S45	Sample Number: S46	Sample Number: S47	Sample Number: S48	Sample Number: S49	Sample Number: S50	Sample Number: S51	Sample Number: S52	Sample Number: S53	Sample Number: S54	Sample Number: S55	Sample Number: S56	Sample Number: S57	Sample Number: S58	Sample Number: S59	Sample Number: S60	Sample Number: S61	Sample Number: S62	Sample Number: S63	Sample Number: S64	Sample Number: S65	Sample Number: S66	Sample Number: S67	Sample Number: S68	Sample Number: S69	Sample Number: S70	Sample Number: S71	Sample Number: S72	Sample Number: S73	Sample Number: S74	Sample Number: S75	Sample Number: S76	Sample Number: S77	Sample Number: S78	Sample Number: S79	Sample Number: S80	Sample Number: S81	Sample Number: S82	Sample Number: S83	Sample Number: S84
	Species: Salmonella enterica	Species: Salmonella enterica	Species: Salmonella enterica	Species: Salmonella enterica	Species: Salmonella enterica	Species: Salmonella enterica	Species: Salmonella enterica	Species: Salmonella enterica	Species: Salmonella enterica	Species: Salmonella enterica	Species: Salmonella enterica	Species: Salmonella enterica	Species: Salmonella enterica	Species: Salmonella enterica	Species: Salmonella enterica	Species: Salmonella enterica	Species: Salmonella enterica	Species: Salmonella enterica	Species: Salmonella enterica	Species: Campylobacter jejuni	Species: Campylobacter jejuni	Species: Campylobacter jejuni	Species: Campylobacter jejuni	Species: Campylobacter jejuni	Species: Campylobacter jejuni	Species: Campylobacter jejuni	Species: Campylobacter jejuni	Species: Campylobacter jejuni	Species: Campylobacter jejuni	Species: Campylobacter jejuni	Species: Campylobacter jejuni	Species: Campylobacter jejuni	Species: Campylobacter jejuni	Species: Campylobacter jejuni	Species: Campylobacter jejuni	Species: Campylobacter jejuni	Species: Campylobacter jejuni	Species: Campylobacter jejuni	Species: Campylobacter jejuni	Species: Campylobacter jejuni	Species: Campylobacter jejuni	Species: Campylobacter jejuni	Species: Campylobacter jejuni	Species: Campylobacter jejuni	Species: Campylobacter jejuni	Species: Campylobacter jejuni	Species: Campylobacter jejuni	Species: Campylobacter jejuni	Species: Campylobacter jejuni	Species: Campylobacter jejuni	Species: Campylobacter jejuni	Species: Campylobacter jejuni	Species: Campylobacter jejuni	Species: Campylobacter jejuni	Species: Campylobacter jejuni	Species: Campylobacter jejuni	Species: Campylobacter jejuni	Species: Campylobacter jejuni	Species: Campylobacter jejuni	Species: Campylobacter jejuni	Species: Campylobacter jejuni	Species: Campylobacter jejuni	Species: Campylobacter jejuni	Species: Campylobacter jejuni	Species: Campylobacter jejuni	Species: Campylobacter jejuni	Species: Campylobacter jejuni	Species: Campylobacter jejuni	Species: Campylobacter jejuni	Species: Campylobacter jejuni	Species: Campylobacter jejuni	Species: Campylobacter jejuni	Species: Campylobacter jejuni	Species: Campylobacter jejuni	Species: Campylobacter jejuni	Species: Campylobacter jejuni	Species: Campylobacter jejuni	Species: Campylobacter jejuni	Species: Campylobacter jejuni	Species: Campylobacter jejuni	Species: Campylobacter jejuni	Species: Campylobacter jejuni	Species: Campylobacter jejuni	Species: Campylobacter jejuni
	Medium: Chicken Stool	Medium: Chicken Stool	Medium: Chicken Stool	Medium: Chicken Stool	Medium: Chicken Stool	Medium: Human Stool	Medium: Chicken Stool	Medium: Chicken Stool	Medium: Chicken Meat	Medium: Chicken Meat	Medium: Chicken Meat	Medium: Chicken Meat	Medium: Chicken Meat	Medium: Chicken Meat	Medium: Chicken Meat	Medium: Chicken Meat	Medium: Human Stool	Medium: Human Stool	Medium: Human Stool	Medium: Chicken Meat	Medium: Chicken Meat	Medium: Chicken Meat	Medium: Chicken Meat	Medium: Chicken Meat	Medium: Chicken Meat	Medium: Chicken Meat	Medium: Chicken Meat	Medium: Chicken Meat	Medium: Chicken Meat	Medium: Chicken Meat	Medium: Chicken Meat	Medium: Chicken Meat	Medium: Chicken Meat	Medium: Chicken Meat	Medium: Chicken Meat	Medium: Chicken Meat	Medium: Chicken Meat	Medium: Chicken Stool	Medium: Chicken Stool	Medium: Chicken Stool	Medium: Chicken Stool	Medium: Chicken Stool	Medium: Chicken Stool	Medium: Chicken Stool	Medium: Chicken Stool	Medium: Chicken Stool	Medium: Chicken Stool	Medium: Chicken Stool	Medium: Human Stool	Medium: Human Stool	Medium: Human Stool	Medium: Human Stool	Medium: Human Stool	Medium: Human Stool	Medium: Human Stool	Medium: Human Stool	Medium: Human Stool	Medium: Human Stool	Medium: Human Stool	Medium: Human Stool	Medium: Human Stool	Medium: Human Stool	Medium: Human Stool	Medium: Human Stool	Medium: Human Stool	Medium: Human Stool	Medium: Human Stool	Medium: Human Stool	Medium: Chicken Stool	Medium: Chicken Stool	Medium: Chicken Stool	Medium: Chicken Stool	Medium: Chicken Stool	Medium: Chicken Stool	Medium: Chicken Stool	Medium: Chicken Stool	Medium: Chicken Stool	Medium: Chicken Stool	Medium: Chicken Stool	Medium: Chicken Stool	Medium: Human Stool	Medium: Human Stool	Medium: Human Stool	Medium: Human Stool
	Year: Y-2021	Year: Y-2021	Year: Y-2021	Year: Y-2021	Year: Y-2021	Year: Y-2021	Year: Y-2021	Year: Y-2021	Year: Y-2021	Year: Y-2021	Year: Y-2021	Year: Y-2021	Year: Y-2021	Year: Y-2021	Year: Y-2021	Year: Y-2021	Year: Y-2022	Year: Y-2022	Year: Y-2022	Year: Y-2021	Year: Y-2021	Year: Y-2021	Year: Y-2021	Year: Y-2021	Year: Y-2021	Year: Y-2021	Year: Y-2021	Year: Y-2021	Year: Y-2021	Year: Y-2021	Year: Y-2021	Year: Y-2021	Year: Y-2021	Year: Y-2021	Year: Y-2021	Year: Y-2021	Year: Y-2021	Year: Y-2021	Year: Y-2021	Year: Y-2021	Year: Y-2021	Year: Y-2021	Year: Y-2021	Year: Y-2021	Year: Y-2021	Year: Y-2021	Year: Y-2021	Year: Y-2021	Year: Y-2021	Year: Y-2021	Year: Y-2021	Year: Y-2021	Year: Y-2021	Year: Y-2021	Year: Y-2021	Year: Y-2021	Year: Y-2021	Year: Y-2021	Year: Y-2021	Year: Y-2021	Year: Y-2021	Year: Y-2021	Year: Y-2021	Year: Y-2021	Year: Y-2021	Year: Y-2021	Year: Y-2021	Year: Y-2021	Year: Y-2022	Year: Y-2022	Year: Y-2022	Year: Y-2022	Year: Y-2022	Year: Y-2022	Year: Y-2022	Year: Y-2022	Year: Y-2022	Year: Y-2022	Year: Y-2022	Year: Y-2022	Year: Y-2022	Year: Y-2022	Year: Y-2022	Year: Y-2022
alga	58.51	58.51	58.51	58.51	58.51	58.51	58.51	58.51	58.58	58.51	58.58	58.51	58.51	58.51	58.51	58.51	58.3	58.3	58.3	0	0	0	0	0	0	0	0	0	0	0	0	0	0	0	0	0	0	0	0	0	0	0	0	0	0	0	0	0	0	0	0	0	0	0	0	0	0	0	0	0	0	0	0	0	0	0	0	0	0	0	0	0	0	0	0	0	0	0	0	0	0	0	0	0
algu	67.87	67.87	67.87	67.87	67.87	67.87	67.87	67.87	67.87	67.87	67.87	67.87	67.87	67.87	67.87	67.87	67.87	67.87	67.87	0	0	0	0	0	0	0	0	0	0	0	0	0	0	0	0	0	0	0	0	0	0	0	0	0	0	0	0	0	0	0	0	0	0	0	0	0	0	0	0	0	0	0	0	0	0	0	0	0	0	0	0	0	0	0	0	0	0	0	0	0	0	0	0	0
avra	100	100	100	100	100	100	100	100	100	100	100	100	100	100	100	100	100	100	100	0	0	0	0	0	0	0	0	0	0	0	0	0	0	0	0	0	0	0	0	0	0	0	0	0	0	0	0	0	0	0	0	0	0	0	0	0	0	0	0	0	0	0	0	0	0	0	0	0	0	0	0	0	0	0	0	0	0	0	0	0	0	0	0	0
cadf	0	0	0	0	0	0	0	0	0	0	0	0	0	0	0	0	0	0	0	100	100	100	100	100	100	100	100	100	100	100	100	100	100	100	100	100	100	100	100	100	100	100	100	100	100	100	100	100	100	100	100	100	100	100	100	100	100	100	100	100	100	100	100	100	100	100	100	100	100	100	100	100	100	100	100	100	100	100	100	100	100	100	100	100
cdta	0	0	0	0	0	0	0	0	0	0	0	0	0	0	0	0	0	0	0	99.75	99.75	99.75	99.63	99.75	99.75	99.75	99.75	99.75	99.75	99.75	99.75	99.75	99.75	99.75	99.75	99.75	99.75	99.75	99.75	99.75	99.75	99.75	99.75	99.75	99.75	99.75	99.75	99.75	99.75	99.75	99.75	99.75	99.75	99.63	99.75	99.75	99.75	99.75	99.75	99.75	99.75	99.75	99.75	99.75	99.75	99.75	99.75	99.75	100	100	100	100	100	100	100	100	100	100	100	100	100	100	100	100
cdtb	0	0	0	0	0	0	0	0	0	0	0	0	0	0	0	0	0	0	0	94.24	94.24	94.24	94.24	94.24	94.24	94.24	94.24	94.24	94.24	94.24	94.24	94.24	94.24	94.24	94.24	94.24	94.24	94.24	94.24	94.24	94.24	94.24	94.24	94.24	94.24	94.24	94.24	94.24	94.24	94.24	94.24	94.24	94.24	94.24	94.24	94.24	94.24	94.24	94.24	94.24	94.24	94.24	94.24	94.24	94.24	94.24	94.24	94.24	100	100	100	100	100	100	100	100	100	100	100	100	100	100	100	100
cdtc	0	0	0	0	0	0	0	0	0	0	0	0	0	0	0	0	0	0	0	100	100	100	100	100	100	100	100	100	100	100	100	100	100	100	100	100	100	100	100	100	100	100	100	100	100	100	100	100	100	100	100	100	100	100	100	100	100	100	100	100	100	100	100	100	100	100	100	100	100	100	100	100	100	100	100	100	100	100	100	100	100	100	100	100
chea	0	0	0	0	0	0	0	0	0	0	0	0	0	0	0	0	0	0	0	99.91	100	100	100	100	100	100	100	100	100	100	100	100	99.96	100	100	100	100	100	100	100	100	100	100	100	100	99.96	100	100	100	100	100	99.96	100	100	99.96	100	100	100	100	99.96	100	100	100	100	100	100	100	100	100	100	100	100	100	100	100	100	100	100	100	100	100	100	100	100
cheb	96.48	96.48	96.48	96.48	96.48	96.48	96.48	96.48	96.48	96.48	96.48	96.48	96.48	96.48	96.48	96.48	96.48	96.48	96.48	0	0	0	0	0	0	0	0	0	0	0	0	0	0	0	0	0	0	0	0	0	0	0	0	0	0	0	0	0	0	0	0	0	0	0	0	0	0	0	0	0	0	0	0	0	0	0	0	0	0	0	0	0	0	0	0	0	0	0	0	0	0	0	0	0
ched	68.04	68.04	89.67	68.04	68.04	68.04	68.04	68.04	89.67	68.04	89.67	68.04	68.04	68.04	68.04	68.04	68.04	68.04	68.04	0	0	0	0	0	0	0	0	0	0	0	0	0	0	0	0	0	0	0	0	0	0	0	0	0	0	0	0	0	0	0	0	0	0	0	0	0	0	0	0	0	0	0	0	0	0	0	0	0	0	0	0	0	0	0	0	0	0	0	0	0	0	0	0	0
cher	98.67	98.67	98.67	98.67	98.67	98.67	98.67	98.67	98.19	98.67	98.19	98.67	98.67	98.67	98.67	98.67	98.79	98.67	98.67	0	0	0	0	0	0	0	0	0	0	0	0	0	0	0	0	0	0	0	0	0	0	0	0	0	0	0	0	0	0	0	0	0	0	0	0	0	0	0	0	0	0	0	0	0	0	0	0	0	0	0	0	0	0	0	0	0	0	0	0	0	0	0	0	0
chev	0	0	0	0	0	0	0	0	0	0	0	0	0	0	0	0	0	0	0	99.9	99.9	100	100	100	99.9	100	100	100	100	100	100	100	100	99.9	100	100	100	99.9	100	100	100	100	100	100	99.9	100	100	100	100	100	100	99.9	100	99.9	100	100	99.9	100	100	100	100	100	100	100	100	100	99.79	100	100	100	100	100	100	100	100	100	100	100	100	100	99.9	100	100	100
chew	91.37	91.37	91.37	91.37	91.37	91.37	91.37	91.37	91.37	91.37	91.37	91.37	91.37	91.37	91.37	91.37	91.37	91.37	91.37	100	100	100	100	100	100	100	100	100	100	100	100	100	100	100	100	100	100	100	100	100	100	100	100	100	100	100	100	100	100	100	100	100	100	100	100	100	100	100	100	100	100	100	100	100	100	100	100	100	100	100	100	100	100	100	100	100	100	100	100	100	100	100	100	100
chey	99.49	99.49	99.49	99.49	99.49	99.49	99.49	99.49	99.49	99.49	99.49	99.49	99.49	99.49	99.49	99.49	99.49	99.49	99.49	99.75	99.75	99.75	99.75	99.75	99.75	99.75	99.75	99.75	99.75	99.75	99.75	99.75	99.75	99.75	99.75	99.75	99.75	99.75	99.75	99.75	99.75	99.75	99.75	99.75	99.75	99.75	99.75	99.75	99.75	99.75	99.75	99.75	99.75	99.75	99.75	99.75	99.75	99.75	99.75	99.75	99.75	99.75	99.75	99.75	99.75	99.75	99.75	99.75	100	100	100	100	100	100	100	100	100	100	100	100	100	100	100	100
chez	87.29	87.29	87.29	87.29	87.29	87.29	87.29	87.29	87.29	87.29	87.29	87.29	87.29	87.29	87.29	87.29	87.75	87.75	87.75	0	0	0	0	0	0	0	0	0	0	0	0	0	0	0	0	0	0	0	0	0	0	0	0	0	0	0	0	0	0	0	0	0	0	0	0	0	0	0	0	0	0	0	0	0	0	0	0	0	0	0	0	0	0	0	0	0	0	0	0	0	0	0	0	0
ciab	0	0	0	0	0	0	0	0	0	0	0	0	0	0	0	0	0	0	99.29	100	99.95	99.95	100	100	100	100	99.95	99.95	100	100	99.95	99.95	99.95	99.95	100	100	100	100	99.95	99.95	100	100	100	100	100	100	100	99.95	99.95	100	99.95	100	99.95	99.95	99.95	100	99.95	100	99.95	99.95	99.95	99.95	99.95	100	99.84	99.95	99.95	99.95	99.95	100	99.95	99.95	100	99.95	99.95	99.95	99.95	100	99.95	99.95	99.95	99.95	99.95	99.95
ciac	0	0	0	0	0	0	0	0	0	0	0	0	0	0	0	0	0	0	0	100	100	100	100	100	100	100	100	100	100	100	100	100	100	100	100	100	100	100	100	100	100	100	100	100	100	100	100	100	100	100	100	100	100	100	100	100	100	100	100	100	100	100	100	100	100	100	100	100	100	100	100	100	100	100	100	100	100	100	100	100	100	100	100	100
cj1135	0	0	0	0	0	0	0	0	0	0	0	0	0	0	0	0	0	0	0	98.97	98.9	98.9	98.9	98.9	98.97	98.9	98.77	98.9	98.97	98.9	98.84	98.97	98.97	98.9	98.9	98.97	98.9	98.9	98.84	98.9	98.97	98.9	98.9	98.9	98.9	98.9	98.9	98.84	98.84	98.84	98.97	98.97	98.9	98.9	98.9	98.97	98.84	98.97	98.9	98.9	98.9	98.9	98.9	98.9	98.9	98.97	98.9	98.97	99.87	99.87	99.87	99.87	99.87	99.87	99.87	99.87	99.87	99.87	99.87	99.81	99.81	99.87	99.87	99.87
cj1136	0	0	0	0	0	0	0	0	0	0	0	0	0	0	0	0	0	0	0	0	0	0	0	0	0	0	0	0	0	0	0	0	0	0	0	0	0	0	0	0	0	0	0	0	0	0	0	0	0	0	0	0	0	0	0	0	0	0	0	0	0	0	0	0	0	0	0	0	96.68	96.68	96.68	96.68	96.68	96.68	96.68	96.68	96.68	96.68	96.68	96.68	96.68	96.68	96.68	96.68
cj1416c	0	0	0	0	0	0	0	0	0	0	0	0	0	0	0	0	0	0	0	0	0	0	0	0	0	0	0	0	0	0	0	0	0	0	0	0	0	0	0	0	0	0	0	0	0	0	0	0	0	0	0	0	0	0	0	0	0	0	0	0	0	0	0	0	0	0	0	0	99.87	99.87	99.87	99.87	99.87	99.87	99.87	99.87	99.87	99.87	99.87	99.87	99.87	99.87	99.87	99.87
cj1417c	0	0	0	0	0	0	0	0	0	0	0	0	0	0	0	0	0	0	0	0	0	0	0	0	0	0	0	0	0	0	0	0	0	0	0	0	0	0	0	0	0	0	0	0	0	0	0	0	0	0	0	0	0	0	0	0	0	0	0	0	0	0	0	0	0	0	0	0	100	100	100	100	100	100	100	100	100	100	100	100	100	100	100	100
cj1419c	0	0	0	0	0	0	0	0	0	0	0	0	0	0	0	0	0	0	0	0	0	0	0	0	0	0	0	0	0	0	0	0	0	0	0	0	0	0	0	0	0	0	0	0	0	0	0	0	0	0	0	0	0	0	0	0	0	0	0	0	0	0	0	0	0	0	0	0	100	100	100	100	100	100	100	100	100	100	100	100	100	100	100	100
cj1420c	0	0	0	0	0	0	0	0	0	0	0	0	0	0	0	0	0	0	0	0	0	0	0	0	0	0	0	0	0	0	0	0	0	0	0	0	0	0	0	0	0	0	0	0	0	0	0	0	0	0	0	0	0	0	0	0	0	0	0	0	0	0	0	0	0	0	0	0	99.87	100	100	100	100	100	100	100	100	100	100	100	100	100	100	100
cj1434c	0	0	0	0	0	0	0	0	0	0	0	0	0	0	0	0	0	0	0	52.47	52.47	52.39	52.47	50.97	52.47	52.39	52.47	52.47	52.47	52.47	52.47	52.47	52.47	52.47	52.47	52.47	52.47	52.47	52.47	52.47	52.47	52.47	52.47	52.47	52.47	50.9	52.47	52.47	52.39	52.47	52.39	52.47	52.39	52.47	52.47	52.39	52.39	52.47	52.47	52.47	52.39	52.47	52.47	52.47	52.47	52.47	52.39	52.47	0	0	0	0	0	0	0	0	0	0	0	0	0	0	52.84	0
clpp	90.45	90.45	90.45	90.45	90.45	90.45	90.45	90.45	90.45	90.45	90.45	90.45	90.45	90.45	90.45	90.45	90.45	90.45	90.45	90.62	90.62	90.62	90.62	90.62	90.62	90.62	90.62	90.62	90.62	90.62	90.62	90.62	90.62	90.62	90.62	90.62	90.62	90.62	90.62	90.62	90.62	90.62	90.62	90.62	90.62	90.62	90.62	90.62	90.62	90.62	90.62	90.62	90.62	90.62	90.62	90.62	90.62	90.62	90.62	90.62	90.62	90.62	90.62	90.62	90.62	90.62	90.62	90.62	90.62	90.62	90.62	90.62	90.62	90.62	90.62	90.62	90.62	90.62	90.62	90.62	90.62	90.62	90.62	90.62
csga	100	100	100	100	100	100	100	100	100	100	100	100	100	100	100	100	100	100	100	0	0	0	0	0	0	0	0	0	0	0	0	0	0	0	0	0	0	0	0	0	0	0	0	0	0	0	0	0	0	0	0	0	0	0	0	0	0	0	0	0	0	0	0	0	0	0	0	0	0	0	0	0	0	0	0	0	0	0	0	0	0	0	0	0
csgb	100	100	100	100	100	100	100	100	100	100	100	100	100	100	100	100	100	100	100	0	0	0	0	0	0	0	0	0	0	0	0	0	0	0	0	0	0	0	0	0	0	0	0	0	0	0	0	0	0	0	0	0	0	0	0	0	0	0	0	0	0	0	0	0	0	0	0	0	0	0	0	0	0	0	0	0	0	0	0	0	0	0	0	0
csgc	100	100	100	100	100	100	100	100	100	100	100	100	100	100	100	100	100	100	100	0	0	0	0	0	0	0	0	0	0	0	0	0	0	0	0	0	0	0	0	0	0	0	0	0	0	0	0	0	0	0	0	0	0	0	0	0	0	0	0	0	0	0	0	0	0	0	0	0	0	0	0	0	0	0	0	0	0	0	0	0	0	0	0	0
csgd	100	100	100	100	100	100	100	100	100	100	100	100	100	100	100	100	100	100	100	0	0	0	0	0	0	0	0	0	0	0	0	0	0	0	0	0	0	0	0	0	0	0	0	0	0	0	0	0	0	0	0	0	0	0	0	0	0	0	0	0	0	0	0	0	0	0	0	0	0	0	0	0	0	0	0	0	0	0	0	0	0	0	0	0
csge	100	100	100	100	100	100	100	100	100	100	100	100	100	100	100	100	100	100	100	0	0	0	0	0	0	0	0	0	0	0	0	0	0	0	0	0	0	0	0	0	0	0	0	0	0	0	0	0	0	0	0	0	0	0	0	0	0	0	0	0	0	0	0	0	0	0	0	0	0	0	0	0	0	0	0	0	0	0	0	0	0	0	0	0
csgf	100	100	100	100	100	100	100	100	100	100	100	100	100	100	100	100	100	100	100	0	0	0	0	0	0	0	0	0	0	0	0	0	0	0	0	0	0	0	0	0	0	0	0	0	0	0	0	0	0	0	0	0	0	0	0	0	0	0	0	0	0	0	0	0	0	0	0	0	0	0	0	0	0	0	0	0	0	0	0	0	0	0	0	0
csgg	100	100	100	100	100	100	100	100	100	100	100	100	100	100	100	100	100	100	100	0	0	0	0	0	0	0	0	0	0	0	0	0	0	0	0	0	0	0	0	0	0	0	0	0	0	0	0	0	0	0	0	0	0	0	0	0	0	0	0	0	0	0	0	0	0	0	0	0	0	0	0	0	0	0	0	0	0	0	0	0	0	0	0	0
cstiii	0	0	0	0	0	0	0	0	0	0	0	0	0	0	0	0	0	0	0	0	0	0	0	0	0	0	0	0	0	0	0	0	0	0	0	0	0	0	0	0	0	0	0	0	0	0	0	0	0	0	0	0	0	0	0	0	0	0	0	0	0	0	0	0	0	0	0	0	57.74	57.74	57.63	57.63	57.63	57.63	57.63	57.63	57.63	57.63	57.74	57.74	57.63	57.63	57.63	57.63
cysc	0	0	0	0	0	0	0	0	0	0	0	0	0	0	0	0	0	0	0	0	0	0	0	0	0	0	0	0	0	0	0	0	0	0	0	0	0	0	0	0	0	0	0	0	0	0	0	0	0	0	0	0	0	0	0	0	0	0	0	0	0	0	0	0	0	0	0	0	100	100	100	100	100	100	100	100	100	100	100	100	100	100	100	100
ddha	98.35	98.35	98.35	98.35	98.35	98.35	98.35	98.35	98.35	98.35	98.35	98.35	98.35	98.35	98.35	98.35	98.35	98.35	98.35	0	0	0	0	0	0	0	0	0	0	0	0	0	0	0	0	0	0	0	0	0	0	0	0	0	0	0	0	0	0	0	0	0	0	0	0	0	0	0	0	0	0	0	0	0	0	0	0	0	0	0	0	0	0	0	0	0	0	0	0	0	0	0	0	0
ddhb	88.08	88.18	88.18	88.18	88.18	88.18	88.18	88.18	88.18	88.18	88.18	88.18	88.18	88.18	88.18	88.18	88.18	88.18	88.18	0	0	0	0	0	0	0	0	0	0	0	0	0	0	0	0	0	0	0	0	0	0	0	0	0	0	0	0	0	0	0	0	0	0	0	0	0	0	0	0	0	0	0	0	0	0	0	0	0	0	0	0	0	0	0	0	0	0	0	0	0	0	0	0	0
draa	71.57	71.57	71.57	71.57	71.57	71.57	71.57	71.57	0	71.57	0	71.57	71.57	71.57	71.57	71.57	0	0	0	0	0	0	0	0	0	0	0	0	0	0	0	0	0	0	0	0	0	0	0	0	0	0	0	0	0	0	0	0	0	0	0	0	0	0	0	0	0	0	0	0	0	0	0	0	0	0	0	0	0	0	0	0	0	0	0	0	0	0	0	0	0	0	0	0
enta	97.46	97.46	97.46	97.46	97.46	97.46	97.46	97.46	97.46	97.46	97.46	97.46	97.46	97.46	97.46	97.46	97.46	97.46	97.46	0	0	0	0	0	0	0	0	0	0	0	0	0	0	0	0	0	0	0	0	0	0	0	0	0	0	0	0	0	0	0	0	0	0	0	0	0	0	0	0	0	0	0	0	0	0	0	0	0	0	0	0	0	0	0	0	0	0	0	0	0	0	0	0	0
entb	99.18	99.18	99.18	99.18	99.18	99.18	99.18	99.18	99.18	99.18	99.18	99.18	99.18	99.18	99.18	99.18	99.18	99.18	99.18	0	0	0	0	0	0	0	0	0	0	0	0	0	0	0	0	0	0	0	0	0	0	0	0	0	0	0	0	0	0	0	0	0	0	0	0	0	0	0	0	0	0	0	0	0	0	0	0	0	0	0	0	0	0	0	0	0	0	0	0	0	0	0	0	0
entc	99.75	99.75	99.75	99.75	99.75	99.75	99.75	99.75	99.75	99.75	99.75	99.75	99.75	99.75	99.75	99.75	99.75	99.75	99.75	0	0	0	0	0	0	0	0	0	0	0	0	0	0	0	0	0	0	0	0	0	0	0	0	0	0	0	0	0	0	0	0	0	0	0	0	0	0	0	0	0	0	0	0	0	0	0	0	0	0	0	0	0	0	0	0	0	0	0	0	0	0	0	0	0
ente	98.88	98.88	99.07	98.88	98.88	98.88	98.88	98.88	99.07	98.88	99.07	98.88	98.88	98.88	98.88	98.88	98.82	98.82	98.82	0	0	0	0	0	0	0	0	0	0	0	0	0	0	0	0	0	0	0	0	0	0	0	0	0	0	0	0	0	0	0	0	0	0	0	0	0	0	0	0	0	0	0	0	0	0	0	0	0	0	0	0	0	0	0	0	0	0	0	0	0	0	0	0	0
entf	98.17	98.17	98.17	98.17	98.17	98.17	98.17	98.17	98.15	98.17	98.15	98.17	98.17	98.17	98.17	98.17	98.17	98.22	98.22	0	0	0	0	0	0	0	0	0	0	0	0	0	0	0	0	0	0	0	0	0	0	0	0	0	0	0	0	0	0	0	0	0	0	0	0	0	0	0	0	0	0	0	0	0	0	0	0	0	0	0	0	0	0	0	0	0	0	0	0	0	0	0	0	0
ents	98.08	98.08	98.08	98.08	98.08	98.08	98.08	98.08	98.08	98.08	98.08	98.08	98.08	98.08	98.08	98.08	98.08	98.08	98.08	0	0	0	0	0	0	0	0	0	0	0	0	0	0	0	0	0	0	0	0	0	0	0	0	0	0	0	0	0	0	0	0	0	0	0	0	0	0	0	0	0	0	0	0	0	0	0	0	0	0	0	0	0	0	0	0	0	0	0	0	0	0	0	0	0
eptc	0	0	0	0	0	0	0	0	0	0	0	0	0	0	0	0	0	0	0	100	100	100	100	100	100	100	100	100	100	100	100	100	100	100	100	100	100	100	100	100	100	99.94	100	100	100	99.94	100	99.94	100	100	100	100	100	100	100	100	100	100	100	99.94	100	100	100	100	100	100	100	100	100	100	100	100	100	100	100	100	100	100	100	100	100	100	99.94	100
f17d-c	0	80.07	80.07	0	0	80.07	0	0	0	0	0	0	80.07	0	80.07	0	0	0	0	0	0	0	0	0	0	0	0	0	0	0	0	0	0	0	0	0	0	0	0	0	0	0	0	0	0	0	0	0	0	0	0	0	0	0	0	0	0	0	0	0	0	0	0	0	0	0	0	0	0	0	0	0	0	0	0	0	0	0	0	0	0	0	0	0
f17d-d	52.7	52.56	52.56	52.56	52.56	52.56	52.56	52.7	0	52.7	0	52.7	52.7	52.7	52.56	52.56	0	0	0	0	0	0	0	0	0	0	0	0	0	0	0	0	0	0	0	0	0	0	0	0	0	0	0	0	0	0	0	0	0	0	0	0	0	0	0	0	0	0	0	0	0	0	0	0	0	0	0	0	0	0	0	0	0	0	0	0	0	0	0	0	0	0	0	0
faec	91.58	91.58	91.58	91.58	91.58	91.58	91.58	91.58	0	91.58	0	91.58	91.58	91.58	91.58	91.58	0	0	0	0	0	0	0	0	0	0	0	0	0	0	0	0	0	0	0	0	0	0	0	0	0	0	0	0	0	0	0	0	0	0	0	0	0	0	0	0	0	0	0	0	0	0	0	0	0	0	0	0	0	0	0	0	0	0	0	0	0	0	0	0	0	0	0	0
faed	96.6	96.6	96.6	96.6	96.6	96.6	96.6	96.6	0	96.6	0	96.6	96.6	96.6	96.6	96.6	0	0	0	0	0	0	0	0	0	0	0	0	0	0	0	0	0	0	0	0	0	0	0	0	0	0	0	0	0	0	0	0	0	0	0	0	0	0	0	0	0	0	0	0	0	0	0	0	0	0	0	0	0	0	0	0	0	0	0	0	0	0	0	0	0	0	0	0
faee	91.25	91.25	91.25	91.25	91.25	91.25	91.25	91.25	0	91.25	0	91.25	91.25	91.25	91.25	91.25	0	0	0	0	0	0	0	0	0	0	0	0	0	0	0	0	0	0	0	0	0	0	0	0	0	0	0	0	0	0	0	0	0	0	0	0	0	0	0	0	0	0	0	0	0	0	0	0	0	0	0	0	0	0	0	0	0	0	0	0	0	0	0	0	0	0	0	0
faef	86.59	86.59	86.59	86.59	86.59	86.59	86.59	86.59	0	86.59	0	86.59	86.59	86.59	86.59	86.59	0	0	0	0	0	0	0	0	0	0	0	0	0	0	0	0	0	0	0	0	0	0	0	0	0	0	0	0	0	0	0	0	0	0	0	0	0	0	0	0	0	0	0	0	0	0	0	0	0	0	0	0	0	0	0	0	0	0	0	0	0	0	0	0	0	0	0	0
faeh	98.37	98.37	98.37	98.37	98.37	98.37	98.37	98.37	0	98.37	0	98.37	98.37	98.37	98.37	98.37	0	0	0	0	0	0	0	0	0	0	0	0	0	0	0	0	0	0	0	0	0	0	0	0	0	0	0	0	0	0	0	0	0	0	0	0	0	0	0	0	0	0	0	0	0	0	0	0	0	0	0	0	0	0	0	0	0	0	0	0	0	0	0	0	0	0	0	0
faei	97.65	97.65	97.65	97.65	97.65	97.65	97.65	97.65	0	97.65	0	97.65	97.65	97.65	97.65	97.65	0	0	0	0	0	0	0	0	0	0	0	0	0	0	0	0	0	0	0	0	0	0	0	0	0	0	0	0	0	0	0	0	0	0	0	0	0	0	0	0	0	0	0	0	0	0	0	0	0	0	0	0	0	0	0	0	0	0	0	0	0	0	0	0	0	0	0	0
farb	69.16	69.16	69.16	69.16	69.16	69.16	69.16	69.16	69.16	69.16	69.16	69.16	69.16	69.16	69.16	69.16	69.16	69.16	69.16	0	0	0	0	0	0	0	0	0	0	0	0	0	0	0	0	0	0	0	0	0	0	0	0	0	0	0	0	0	0	0	0	0	0	0	0	0	0	0	0	0	0	0	0	0	0	0	0	0	0	0	0	0	0	0	0	0	0	0	0	0	0	0	0	0
fcl	56	56	56	56	56	56	56	56	56	56	56	56	56	56	56	56	56.52	56.52	56.52	99.04	99.04	99.04	99.04	99.04	98.94	99.04	99.04	99.04	99.04	99.04	99.04	99.04	99.04	99.04	99.04	99.04	99.04	99.04	99.04	99.04	99.04	99.04	99.04	99.04	99.04	99.04	99.04	99.04	99.04	99.04	99.04	99.04	99.04	99.04	99.04	99.04	99.04	99.04	99.04	99.04	99.04	99.04	99.04	99.04	99.04	99.04	99.04	99.04	97.5	97.5	97.5	97.5	97.5	97.5	97.5	97.5	97.5	97.5	98.56	97.5	97.5	97.5	97.5	97.5
fepa	99.02	99.11	99.24	99.11	99.02	99.11	99.11	99.02	99.38	99.02	99.38	99.11	99.11	99.11	99.11	99.02	98.97	98.97	99.06	0	0	0	0	0	0	0	0	0	0	0	0	0	0	0	0	0	0	0	0	0	0	0	0	0	0	0	0	0	0	0	0	0	0	0	0	0	0	0	0	0	0	0	0	0	0	0	0	0	0	0	0	0	0	0	0	0	0	0	0	0	0	0	0	0
fepb	90.7	90.7	90.7	90.7	90.7	90.7	90.7	90.7	90.7	90.7	90.7	90.7	90.7	90.7	90.7	90.7	90.7	90.7	90.7	0	0	0	0	0	0	0	0	0	0	0	0	0	0	0	0	0	0	0	0	0	0	0	0	0	0	0	0	0	0	0	0	0	0	0	0	0	0	0	0	0	0	0	0	0	0	0	0	0	0	0	0	0	0	0	0	0	0	0	0	0	0	0	0	0
fepc	96.45	96.45	96.45	96.45	96.45	96.45	96.45	96.45	96.45	96.45	96.45	96.45	96.45	96.45	96.45	96.45	96.45	96.45	96.45	0	0	0	0	0	0	0	0	0	0	0	0	0	0	0	0	0	0	0	0	0	0	0	0	0	0	0	0	0	0	0	0	0	0	0	0	0	0	0	0	0	0	0	0	0	0	0	0	0	0	0	0	0	0	0	0	0	0	0	0	0	0	0	0	0
fepd	98.33	98.33	98.33	98.33	98.33	98.33	98.33	98.33	99.31	98.33	99.31	98.33	98.33	98.33	98.33	98.33	98.53	98.53	98.53	0	0	0	0	0	0	0	0	0	0	0	0	0	0	0	0	0	0	0	0	0	0	0	0	0	0	0	0	0	0	0	0	0	0	0	0	0	0	0	0	0	0	0	0	0	0	0	0	0	0	0	0	0	0	0	0	0	0	0	0	0	0	0	0	0
fepg	91.44	91.44	91.44	91.44	91.44	91.44	91.44	91.44	91.54	91.44	91.54	91.44	91.44	91.44	91.44	91.44	91.54	91.54	91.54	0	0	0	0	0	0	0	0	0	0	0	0	0	0	0	0	0	0	0	0	0	0	0	0	0	0	0	0	0	0	0	0	0	0	0	0	0	0	0	0	0	0	0	0	0	0	0	0	0	0	0	0	0	0	0	0	0	0	0	0	0	0	0	0	0
fes	96.92	96.92	96.92	96.92	96.92	96.92	96.92	96.92	96.84	96.92	96.84	96.92	96.92	96.92	96.92	96.92	96.84	96.84	96.84	0	0	0	0	0	0	0	0	0	0	0	0	0	0	0	0	0	0	0	0	0	0	0	0	0	0	0	0	0	0	0	0	0	0	0	0	0	0	0	0	0	0	0	0	0	0	0	0	0	0	0	0	0	0	0	0	0	0	0	0	0	0	0	0	0
fimc	100	100	100	100	100	100	100	100	100	100	100	100	100	100	100	100	100	100	100	0	0	0	0	0	0	0	0	0	0	0	0	0	0	0	0	0	0	0	0	0	0	0	0	0	0	0	0	0	0	0	0	0	0	0	0	0	0	0	0	0	0	0	0	0	0	0	0	0	0	0	0	0	0	0	0	0	0	0	0	0	0	0	0	0
fimd	100	100	100	100	100	100	100	100	100	100	100	100	100	100	100	100	100	100	100	0	0	0	0	0	0	0	0	0	0	0	0	0	0	0	0	0	0	0	0	0	0	0	0	0	0	0	0	0	0	0	0	0	0	0	0	0	0	0	0	0	0	0	0	0	0	0	0	0	0	0	0	0	0	0	0	0	0	0	0	0	0	0	0	0
fimf	100	100	100	100	100	100	100	100	100	100	100	100	100	100	100	100	100	100	100	0	0	0	0	0	0	0	0	0	0	0	0	0	0	0	0	0	0	0	0	0	0	0	0	0	0	0	0	0	0	0	0	0	0	0	0	0	0	0	0	0	0	0	0	0	0	0	0	0	0	0	0	0	0	0	0	0	0	0	0	0	0	0	0	0
fimh	100	100	100	100	100	100	100	100	100	100	100	100	100	100	100	100	100	100	100	0	0	0	0	0	0	0	0	0	0	0	0	0	0	0	0	0	0	0	0	0	0	0	0	0	0	0	0	0	0	0	0	0	0	0	0	0	0	0	0	0	0	0	0	0	0	0	0	0	0	0	0	0	0	0	0	0	0	0	0	0	0	0	0	0
fimi	100	100	100	100	100	100	100	100	100	100	100	100	100	100	100	100	100	100	100	0	0	0	0	0	0	0	0	0	0	0	0	0	0	0	0	0	0	0	0	0	0	0	0	0	0	0	0	0	0	0	0	0	0	0	0	0	0	0	0	0	0	0	0	0	0	0	0	0	0	0	0	0	0	0	0	0	0	0	0	0	0	0	0	0
flaa	0	0	0	0	0	0	0	0	0	0	0	0	0	0	0	0	0	82.02	89.76	100	100	100	100	100	100	100	100	100	100	100	100	100	100	100	100	100	100	100	100	100	100	100	100	100	100	100	100	100	100	100	100	100	100	100	100	100	100	100	100	100	100	100	100	100	100	100	100	100	99.83	99.88	99.88	99.88	99.83	99.88	99.88	99.88	99.88	99.88	99.83	99.88	99.83	99.88	99.88	99.88
flab	0	0	0	0	0	0	0	0	0	0	0	0	0	0	0	0	0	0	0	100	100	100	100	100	100	100	100	100	100	100	100	100	99.94	100	100	100	100	99.94	100	100	100	100	100	99.94	100	100	100	100	100	100	100	100	100	100	99.94	100	99.94	100	100	100	100	99.94	100	100	99.94	100	100	100	0	0	0	0	0	0	0	0	0	0	0	0	0	0	0	0
flac	0	0	0	0	0	0	0	0	0	0	0	0	0	0	0	0	0	0	0	100	100	100	100	100	100	100	100	100	100	100	100	100	100	100	100	100	100	100	100	100	100	100	100	100	100	100	100	100	100	100	100	100	100	100	100	100	100	100	100	100	100	100	100	100	100	100	100	100	100	100	100	100	100	100	100	100	100	100	100	100	100	100	100	100
flad	0	0	0	0	0	0	0	0	0	0	0	0	0	0	0	0	0	0	0	100	100	100	100	100	100	100	100	100	100	100	100	100	100	100	100	100	100	100	100	100	100	100	100	100	100	100	100	100	100	100	100	100	100	100	100	100	100	100	100	100	100	99.91	100	100	100	100	100	100	100	100	100	100	100	100	100	100	100	100	100	100	100	100	100	100
flag	0	0	0	0	0	0	0	0	0	0	0	0	0	0	0	0	0	0	0	100	100	100	100	100	100	100	100	100	100	100	100	100	100	100	100	100	100	100	100	100	100	100	100	100	100	100	100	100	100	100	100	100	100	100	100	100	100	100	100	100	100	100	100	100	100	100	100	100	100	100	100	100	100	100	100	100	100	100	100	100	100	100	100	100
flga	0	0	0	0	0	0	0	0	0	0	0	0	0	0	0	0	0	0	0	100	100	100	100	100	100	100	100	100	100	100	100	100	100	100	100	100	100	100	100	100	100	100	100	100	100	100	100	100	100	100	100	100	100	100	100	100	100	100	100	100	100	100	100	100	100	100	100	100	100	100	100	100	100	100	100	100	100	100	100	100	100	100	100	100
flgb	96.62	96.62	96.62	96.62	96.62	96.62	96.62	96.62	96.62	96.62	96.62	96.62	96.62	96.62	96.62	96.62	96.62	96.62	96.62	100	100	100	100	100	100	100	100	100	100	100	100	100	100	100	100	100	100	100	100	100	100	100	100	100	100	100	100	100	100	100	100	100	100	100	100	100	100	100	100	100	100	100	100	100	100	100	100	100	100	100	100	100	100	100	100	100	100	100	100	100	100	100	100	100
flgc	96.79	96.79	96.79	96.79	96.79	96.79	96.79	96.79	96.79	96.79	96.79	96.79	96.79	96.79	96.79	96.79	96.79	96.79	96.79	100	100	100	100	100	100	100	100	100	100	100	100	100	100	100	100	100	100	100	100	100	100	100	100	100	100	100	100	100	100	100	100	100	100	100	100	100	100	100	100	100	100	100	100	100	100	100	100	100	100	100	100	100	100	100	100	100	100	100	100	100	100	100	100	100
flgd	64.93	64.93	64.93	64.93	64.93	64.93	64.93	64.93	64.93	64.93	64.93	64.93	64.93	64.93	64.93	64.93	64.93	64.93	64.93	100	100	100	100	100	100	100	100	100	100	100	100	100	100	100	100	100	100	100	100	100	100	100	100	100	100	100	100	100	100	100	100	100	100	100	100	100	100	100	100	100	100	100	100	100	100	100	100	99.89	100	100	100	100	100	100	100	100	100	100	100	100	100	100	100	100
flge	0	0	0	0	0	0	0	0	0	0	0	0	0	0	0	0	0	0	0	100	100	100	100	100	100	100	100	100	100	100	100	100	100	100	100	100	100	100	100	100	100	100	100	100	100	100	100	100	100	100	100	100	100	100	100	100	100	100	100	100	100	100	100	100	100	100	100	99.88	100	100	100	100	100	100	100	100	100	100	100	100	100	100	100	100
flgf	99.47	99.47	99.47	99.47	99.47	99.47	99.6	99.47	99.47	99.47	99.47	99.47	99.47	99.47	99.47	99.47	99.47	99.47	99.88	100	100	100	100	100	100	100	100	100	100	100	100	100	100	100	100	100	100	100	100	100	100	100	100	100	100	100	100	100	100	100	100	100	100	100	100	100	100	100	100	100	100	100	100	100	100	100	100	100	100	100	100	100	100	100	100	100	100	100	100	100	100	100	100	100
flgg	99.69	99.69	99.69	99.69	99.69	99.69	99.69	99.69	99.69	99.69	99.69	99.69	99.69	99.69	99.69	99.69	99.69	99.69	100	100	100	100	100	100	100	100	100	100	100	100	100	100	100	100	100	100	100	100	100	100	100	100	100	100	100	100	100	100	100	100	100	100	100	100	100	100	100	100	100	100	100	99.87	100	100	100	100	100	100	100	100	100	100	100	100	100	100	100	100	100	100	100	100	100	100
flgh	80.85	80.85	80.85	80.85	80.85	80.85	80.85	80.85	80.85	80.85	80.85	80.85	80.85	80.85	80.85	80.85	80.85	80.85	100	100	100	100	100	100	100	100	100	100	100	100	100	100	100	100	100	100	100	100	100	100	100	100	100	100	100	100	100	100	100	100	100	100	100	100	100	100	100	100	100	100	100	100	100	100	100	100	100	100	100	100	100	100	100	100	100	100	100	100	100	100	100	100	100	100
flgi	96.1	96.1	96.1	96.1	96.1	96.1	96.1	96.1	96.1	96.1	96.1	96.1	96.1	96.1	96.1	96.1	95.73	95.73	95.73	100	100	100	100	100	100	100	100	100	100	100	100	100	100	100	100	100	100	100	100	100	100	100	100	100	100	100	100	100	100	100	100	100	100	100	100	100	100	100	100	100	100	99.81	100	100	100	100	100	100	100	100	100	100	100	100	100	100	100	100	100	100	100	100	100	100
flgj	82.14	82.14	0	82.14	82.14	82.14	82.14	82.14	0	82.14	0	82.14	82.14	82.14	82.14	82.14	82.14	82.14	82.14	100	100	100	100	100	100	100	100	100	100	100	100	100	100	100	100	100	100	100	100	100	100	100	100	100	100	100	100	100	100	100	100	100	100	100	100	100	100	100	100	100	100	100	100	100	100	100	100	100	100	100	100	100	100	100	100	100	100	100	100	100	100	100	100	100
flgk	0	0	0	0	0	0	0	0	0	0	0	0	0	0	0	0	0	0	0	100	100	100	100	100	100	100	100	100	100	100	100	100	100	100	100	100	100	100	100	100	100	100	100	100	100	100	100	100	100	100	100	100	100	100	100	100	100	100	100	100	100	100	100	100	100	100	100	100	100	100	100	100	100	100	100	100	100	100	100	100	100	100	100	100
flgm	0	0	0	0	0	0	0	0	0	0	0	0	0	0	0	0	0	0	0	100	100	100	100	100	100	100	100	100	100	100	100	100	100	100	100	100	100	100	100	100	100	100	100	100	100	100	100	100	100	100	100	100	100	100	100	100	100	100	100	100	100	100	100	100	100	100	100	100	100	100	100	100	100	100	100	100	100	100	100	100	100	100	100	100
flgp	0	0	0	0	0	0	0	0	0	0	0	0	0	0	0	0	0	0	0	100	100	100	100	100	100	100	100	100	100	100	100	100	100	100	100	100	100	100	99.42	100	100	100	100	100	100	100	100	100	100	100	100	100	100	100	100	100	100	100	100	100	100	100	100	100	100	100	100	100	100	100	100	100	100	100	100	100	100	100	100	100	100	100	100	100
flgq	0	0	0	0	0	0	0	0	0	0	0	0	0	0	0	0	0	0	0	100	100	100	100	100	100	100	100	100	100	100	100	100	100	100	100	100	100	100	100	100	100	100	100	100	100	100	100	100	100	100	100	100	100	100	100	100	100	100	100	100	100	100	100	100	100	100	100	100	100	100	100	100	100	100	100	100	100	100	100	100	100	100	100	100
flgr	0	0	0	0	0	0	0	0	0	0	0	0	0	0	0	0	0	0	0	100	100	100	100	100	100	100	100	100	100	100	100	100	100	100	100	100	100	100	100	100	100	100	100	100	100	100	100	100	100	100	100	100	100	100	100	100	100	100	100	100	100	100	100	100	100	100	100	100	100	100	100	100	100	100	100	100	100	100	100	100	100	100	100	100
flgs	0	0	0	0	0	0	0	0	0	0	0	0	0	0	0	0	0	0	0	100	100	100	100	99.9	100	100	100	100	100	100	100	100	100	100	100	100	100	100	100	100	100	100	100	100	100	100	100	100	100	100	100	100	100	100	100	100	100	100	100	100	100	100	100	100	100	100	100	100	100	100	100	100	100	100	100	100	100	100	100	100	100	100	100	100
flha	99.28	99.28	99.04	99.28	99.28	99.28	99.28	99.28	99.28	99.28	99.28	99.28	99.28	99.28	99.28	99.28	99.28	99.28	99.28	100	100	100	100	100	100	100	99.95	100	100	100	100	100	100	100	100	100	100	100	100	100	100	100	100	100	100	100	100	100	100	100	100	100	100	100	100	100	100	100	100	99.95	100	99.95	100	100	100	100	100	100	100	100	100	100	100	100	100	100	100	100	100	100	100	100	100	100
flhb	96.01	96.01	96.01	96.01	96.01	96.01	96.01	96.01	96.01	96.01	96.01	96.01	96.01	96.01	96.01	96.01	96.01	96.01	96.01	100	100	100	100	100	100	100	100	100	100	100	100	100	100	100	100	100	100	100	100	100	100	100	100	100	100	100	100	100	100	100	100	100	100	100	100	100	100	100	100	100	100	100	100	100	100	100	100	100	100	100	100	100	100	100	100	100	100	100	100	100	100	100	100	100
flhc	95.19	95.19	95.19	95.19	95.19	95.19	95.19	95.19	95.19	95.19	95.19	95.19	95.19	95.19	95.19	95.19	95.19	95.19	95.19	0	0	0	0	0	0	0	0	0	0	0	0	0	0	0	0	0	0	0	0	0	0	0	0	0	0	0	0	0	0	0	0	0	0	0	0	0	0	0	0	0	0	0	0	0	0	0	0	0	0	0	0	0	0	0	0	0	0	0	0	0	0	0	0	0
flhd	78.06	78.06	78.06	78.06	78.06	78.06	78.06	78.06	78.06	78.06	78.06	78.06	78.06	78.06	78.06	78.06	78.06	78.06	78.06	0	0	0	0	0	0	0	0	0	0	0	0	0	0	0	0	0	0	0	0	0	0	0	0	0	0	0	0	0	0	0	0	0	0	0	0	0	0	0	0	0	0	0	0	0	0	0	0	0	0	0	0	0	0	0	0	0	0	0	0	0	0	0	0	0
flhf	0	0	0	0	0	0	0	0	0	0	0	0	0	0	0	0	0	0	0	99.93	99.86	99.86	99.86	99.86	99.93	99.86	99.93	99.86	99.86	99.86	99.93	99.86	99.86	99.79	99.93	99.93	99.93	99.86	99.86	99.86	99.86	99.86	99.79	99.93	99.93	99.93	99.86	99.93	99.86	99.93	99.93	99.79	99.86	99.93	99.93	99.79	99.86	99.86	99.93	99.86	99.86	99.73	99.86	99.93	99.79	99.86	99.86	99.73	99.93	99.79	99.86	99.86	99.86	99.79	99.93	99.86	99.93	99.93	99.93	99.93	99.93	99.86	99.93	99.93
flhg	0	0	0	0	0	0	0	0	0	0	0	0	0	0	0	0	0	0	0	100	100	100	100	100	100	100	100	100	100	100	100	100	100	100	100	100	100	100	100	100	100	100	100	100	100	100	100	100	100	100	100	100	100	100	100	100	100	100	100	100	100	100	100	100	100	100	99.88	100	100	100	100	100	100	100	100	100	100	100	100	100	100	100	100	100
flia	95.71	95.71	95.71	95.71	95.71	95.71	95.71	95.71	95.71	95.71	95.71	95.71	95.71	95.71	95.71	95.71	95.71	95.71	95.71	100	100	100	100	100	100	100	100	100	100	100	100	100	100	100	100	100	100	100	100	100	100	100	100	100	100	100	100	100	100	100	100	100	100	100	100	100	100	100	100	100	100	100	100	100	100	100	100	100	100	100	100	100	100	100	100	100	100	100	100	100	100	100	100	100
flid	0	0	0	0	0	0	0	0	0	0	0	0	0	0	0	0	0	0	0	100	100	100	100	100	100	100	100	100	100	100	100	100	100	100	100	100	100	100	100	100	100	100	100	100	100	99.95	100	100	100	100	100	100	100	100	100	100	100	100	100	100	100	100	100	100	100	100	99.95	100	99.07	99.07	99.07	99.07	99.07	99.07	99.07	99.07	99.07	99.07	99.07	99.07	99.07	99.07	99.07	99.07
flie	0	0	0	0	0	0	0	0	0	0	0	0	0	0	0	0	0	0	0	100	100	100	100	100	100	100	100	100	100	100	100	100	100	100	100	100	100	100	100	100	100	100	100	100	100	100	100	100	100	100	100	100	100	100	100	100	100	100	100	100	100	100	100	100	100	100	100	100	100	100	100	100	100	100	100	100	100	100	100	100	100	100	100	100
flif	80.89	80.89	80.89	80.89	80.89	80.89	80.89	80.89	81.13	80.89	81.13	80.89	80.89	80.89	80.89	80.89	81.13	81.13	81.13	100	100	100	100	100	100	100	100	100	100	100	100	100	100	100	100	100	100	100	100	100	100	100	100	100	100	100	100	100	100	100	100	100	100	100	100	100	100	100	100	100	100	100	100	100	100	100	100	100	100	100	100	100	100	100	100	100	100	100	100	100	100	100	100	100
flig	98.69	98.69	98.69	98.69	98.69	98.69	98.69	98.69	98.69	98.69	98.69	98.69	98.69	98.69	98.69	98.69	98.69	98.69	98.69	100	100	100	100	100	100	100	100	100	100	100	100	100	100	100	100	100	100	100	100	100	100	100	100	100	100	99.9	100	100	100	100	100	100	100	100	100	100	100	100	99.9	100	100	100	100	100	100	100	100	100	100	100	100	100	100	100	100	100	100	100	100	100	100	100	100	100
flih	0	0	0	0	0	0	0	0	0	0	0	0	0	0	0	0	51.31	51.31	51.31	100	100	100	100	100	100	100	100	100	100	100	100	100	100	100	100	100	100	100	100	100	100	100	100	100	100	100	100	100	100	100	100	100	100	100	100	100	100	100	100	100	100	100	100	100	100	100	100	100	100	100	100	100	100	100	100	100	100	100	100	100	100	100	100	100
flii	92.27	92.27	92.27	92.27	92.27	92.27	92.27	92.27	92.27	92.27	92.27	92.27	92.27	92.27	92.27	92.27	92.27	92.27	92.27	99.93	100	99.93	99.93	100	100	100	100	100	100	100	99.93	100	99.93	100	100	99.93	100	100	100	100	100	100	100	99.93	100	99.93	100	99.93	100	100	99.93	100	100	100	99.93	100	100	100	99.93	100	99.93	99.78	99.93	99.93	100	100	99.78	99.93	100	100	100	100	100	100	100	100	99.93	100	99.93	99.93	100	100	100	99.93
flik	0	0	0	0	0	0	0	0	0	0	0	0	0	0	0	0	0	0	0	99.83	99.83	99.83	99.83	99.83	99.83	99.83	99.83	99.83	99.83	99.83	99.83	99.83	99.83	99.83	99.83	99.83	99.83	99.78	99.78	99.83	99.83	99.83	99.83	99.83	99.78	99.83	99.83	99.83	99.78	99.83	99.83	99.83	99.83	99.83	99.83	99.83	99.78	99.83	99.78	99.78	99.83	81.41	99.83	99.83	99.83	99.83	99.83	99.78	99.83	99.78	99.78	99.78	99.78	99.83	99.78	99.78	99.83	99.83	99.83	99.83	99.83	99.78	99.83	99.78
flil	0	0	0	0	0	0	0	0	0	0	0	0	0	0	0	0	0	0	0	100	100	100	100	100	100	100	100	100	100	100	100	100	100	100	100	100	100	100	99.81	100	100	100	100	100	100	100	100	100	100	100	100	100	100	100	100	100	100	100	100	100	100	100	100	100	100	100	100	100	100	100	100	100	100	100	100	100	100	100	100	100	100	100	100	100
flim	99.9	99.9	99.9	99.9	99.9	99.9	99.9	99.9	99.9	99.9	99.9	99.9	99.9	99.9	99.9	99.9	99.9	99.9	99.9	100	100	100	100	100	99.91	100	100	100	99.91	99.91	100	99.91	100	100	99.91	100	99.91	100	100	100	100	100	100	100	99.91	100	100	100	100	100	100	99.91	100	100	99.91	100	100	100	100	100	100	100	100	99.91	99.91	100	100	100	100	100	100	99.91	99.91	100	99.91	100	100	100	100	100	100	100	100	100
flin	62.59	62.59	62.59	62.59	62.59	62.59	62.59	62.59	62.59	62.59	62.59	62.59	62.59	62.59	62.59	62.59	62.59	62.59	62.59	99.68	99.68	99.68	99.68	99.68	99.68	99.68	99.68	99.68	100	99.68	99.68	99.68	99.68	99.68	99.68	100	99.68	100	99.68	99.68	100	99.68	99.68	99.68	99.68	99.68	99.68	99.68	99.68	100	99.68	99.68	99.68	99.68	99.68	99.68	99.68	99.68	99.68	99.68	99.68	100	99.68	99.68	99.68	99.68	100	99.68	99.68	99.68	99.68	99.68	99.68	99.68	100	99.68	99.68	99.68	99.68	99.68	99.68	99.68	99.68	99.68
flip	98.4	98.4	98.4	98.4	98.4	98.4	98.4	98.4	98.4	98.4	98.4	98.4	98.4	98.4	98.4	98.4	98.4	98.4	98.4	100	100	100	100	100	100	100	100	100	100	100	100	100	100	100	100	100	100	100	100	100	100	100	100	100	100	100	100	100	100	100	100	100	100	100	100	100	100	100	100	100	100	100	100	100	100	100	100	99.86	100	100	100	100	100	100	100	100	100	100	100	100	100	100	100	100
fliq	91.48	91.48	91.48	91.48	91.48	91.48	91.48	91.48	91.48	91.48	91.48	91.48	91.48	91.48	91.48	91.48	91.48	91.48	91.48	100	100	100	100	100	100	100	100	100	100	100	100	100	100	100	100	100	100	100	100	100	100	100	100	100	100	100	100	100	100	100	100	100	100	100	100	100	100	100	100	100	100	100	100	100	100	100	100	100	100	100	100	100	100	100	100	100	100	100	100	100	100	100	100	100
flir	64.75	64.75	64.75	64.75	64.75	64.75	64.75	64.75	62.58	64.75	62.58	64.75	64.75	64.75	64.75	64.75	64.75	64.75	64.75	100	100	100	100	100	100	100	100	100	100	100	100	100	100	100	100	100	100	100	99.87	100	100	100	100	100	100	100	100	100	100	100	100	100	100	100	100	100	100	100	100	99.87	100	100	99.87	100	100	100	99.87	100	100	100	100	100	99.87	100	100	100	100	100	100	100	100	100	100	99.61
flis	83.71	83.71	83.71	83.71	83.71	83.71	83.71	83.71	83.71	83.71	83.71	83.71	83.71	83.71	83.71	83.71	83.71	83.71	83.71	99.74	100	100	100	99.74	100	100	100	100	100	100	100	100	99.74	100	100	100	100	100	100	100	100	100	100	100	100	100	100	100	100	100	100	100	100	99.74	100	100	100	100	99.74	99.74	99.74	99.74	99.74	100	99.74	100	99.74	99.74	100	100	100	100	100	100	100	100	100	100	100	100	100	100	100	100
fliw	0	0	0	0	0	0	0	0	0	0	0	0	0	0	0	0	0	0	0	100	100	100	100	100	100	100	99.74	100	100	100	100	100	100	100	100	100	100	100	100	100	100	100	100	100	100	99.74	100	100	100	99.74	100	100	100	100	100	100	100	100	100	100	100	99.74	100	100	99.74	100	100	100	100	100	100	100	100	100	100	100	100	100	100	100	100	100	100	100
fliy	0	0	0	0	0	0	0	0	0	0	0	0	0	0	0	0	0	0	0	100	100	100	100	100	100	100	100	100	100	100	100	100	100	100	100	100	100	100	100	100	100	100	100	100	100	100	100	100	100	100	100	100	100	100	100	100	100	100	100	100	100	100	100	100	100	100	100	100	100	100	100	100	100	100	100	100	100	100	100	100	100	100	100	100
fyua	100	100	100	100	100	100	100	100	0	100	0	100	100	100	99.95	100	0	0	0	0	0	0	0	0	0	0	0	0	0	0	0	0	0	0	0	0	0	0	0	0	0	0	0	0	0	0	0	0	0	0	0	0	0	0	0	0	0	0	0	0	0	0	0	0	0	0	0	0	0	0	0	0	0	0	0	0	0	0	0	0	0	0	0	0
galu	91.78	91.78	91.78	91.78	91.78	91.78	91.78	91.78	91.78	91.78	91.78	91.78	91.78	91.78	91.78	91.78	91.78	91.78	91.78	0	0	0	0	0	0	0	0	0	0	0	0	0	0	0	0	0	0	0	0	0	0	0	0	0	0	0	0	0	0	0	0	0	0	0	0	0	0	0	0	0	0	0	0	0	0	0	0	0	0	0	0	0	0	0	0	0	0	0	0	0	0	0	0	0
gmd	65.24	65.24	65.06	65.24	65.24	65.24	65.24	65.24	65.06	65.24	65.06	65.24	65.24	65.24	65.24	65.24	65.24	65.24	65.24	0	0	0	0	0	0	0	0	0	0	0	0	0	0	0	0	0	0	0	0	0	0	0	0	0	0	0	0	0	0	0	0	0	0	0	0	0	0	0	0	0	0	0	0	0	0	0	0	0	0	0	0	0	0	0	0	0	0	0	0	0	0	0	0	0
gmha	0	0	0	0	0	0	0	0	0	0	0	0	0	0	0	0	0	0	0	100	100	100	100	100	100	100	100	100	100	100	100	100	100	100	100	100	100	100	100	100	100	100	100	100	100	100	100	100	100	100	100	100	100	100	100	100	100	100	100	100	100	100	100	100	100	100	100	100	100	100	100	100	100	100	100	100	100	100	100	100	100	100	100	100
gmha/lpca	70.6	70.6	70.6	70.6	70.6	70.6	70.6	70.6	70.6	70.6	70.6	70.6	70.6	70.6	70.6	70.6	70.6	70.6	70.6	0	0	0	0	0	0	0	0	0	0	0	0	0	0	0	0	0	0	0	0	0	0	0	0	0	0	0	0	0	0	0	0	0	0	0	0	0	0	0	0	0	0	0	0	0	0	0	0	0	0	0	0	0	0	0	0	0	0	0	0	0	0	0	0	0
gmha2	0	0	0	0	0	0	0	0	0	0	0	0	0	0	0	0	0	0	0	100	100	100	100	100	100	100	100	100	100	100	100	100	100	100	100	100	100	100	100	100	100	100	100	100	100	100	100	100	100	100	100	100	100	100	100	100	100	100	100	100	100	100	100	100	100	100	100	100	100	100	100	100	100	100	100	100	100	100	100	100	100	100	100	100
gmhb	0	0	0	0	0	0	0	0	0	0	0	0	0	0	0	0	0	0	0	100	99.82	99.82	99.82	99.82	99.82	99.82	100	100	100	100	99.82	99.82	99.82	99.82	100	99.82	99.82	100	99.47	99.82	99.82	100	99.82	99.82	99.82	99.82	99.82	99.82	99.82	100	100	99.82	99.82	99.82	99.82	99.82	99.82	100	100	100	99.82	99.64	100	100	100	99.82	99.82	99.82	99.82	99.82	99.82	99.82	99.82	99.82	99.82	99.82	99.82	99.82	99.82	99.82	100	100	99.82	99.82
grva	100	100	100	100	100	100	100	100	0	100	0	100	100	100	100	100	0	0	0	0	0	0	0	0	0	0	0	0	0	0	0	0	0	0	0	0	0	0	0	0	0	0	0	0	0	0	0	0	0	0	0	0	0	0	0	0	0	0	0	0	0	0	0	0	0	0	0	0	0	0	0	0	0	0	0	0	0	0	0	0	0	0	0	0
gtra	100	100	100	100	100	100	100	100	100	100	100	100	100	100	100	100	100	100	100	0	0	0	0	0	0	0	0	0	0	0	0	0	0	0	0	0	0	0	0	0	0	0	0	0	0	0	0	0	0	0	0	0	0	0	0	0	0	0	0	0	0	0	0	0	0	0	0	0	0	0	0	0	0	0	0	0	0	0	0	0	0	0	0	0
gtrb	96.34	96.34	96.34	96.34	96.34	96.34	96.34	96.34	97.63	96.34	97.63	96.34	96.34	96.34	96.34	96.34	97.63	97.63	97.63	0	0	0	0	0	0	0	0	0	0	0	0	0	0	0	0	0	0	0	0	0	0	0	0	0	0	0	0	0	0	0	0	0	0	0	0	0	0	0	0	0	0	0	0	0	0	0	0	0	0	0	0	0	0	0	0	0	0	0	0	0	0	0	0	0
hdda	0	0	0	0	0	0	0	0	0	0	0	0	0	0	0	0	0	0	0	99.61	99.51	99.51	99.61	99.61	99.51	99.51	99.61	99.61	99.61	99.51	99.61	99.61	99.61	99.51	99.51	99.51	99.61	99.61	99.61	99.61	99.61	99.51	99.61	99.51	99.61	99.51	99.61	99.61	99.61	99.61	99.61	99.61	99.61	99.61	99.61	99.61	99.51	99.51	99.51	99.61	99.61	99.51	99.61	99.51	99.61	99.51	99.61	99.51	99.9	100	100	100	100	99.9	100	100	99.9	100	100	100	100	100	100	100
hddc	0	0	0	0	0	0	0	0	0	0	0	0	0	0	0	0	0	0	0	97.75	97.75	97.75	97.75	97.6	97.75	97.75	97.75	97.75	97.75	97.75	97.75	97.75	97.75	97.75	97.6	97.75	97.75	97.75	97.75	97.75	97.75	97.75	97.6	97.75	97.75	97.75	97.6	97.75	97.75	97.75	97.6	97.75	97.75	97.75	97.75	97.6	97.75	97.75	97.6	97.75	97.75	97.75	97.75	97.75	97.75	97.75	97.6	97.6	98.95	98.95	98.95	98.95	98.95	98.95	98.95	98.95	98.95	98.95	98.8	98.95	98.95	98.95	98.95	98.95
hldd	0	0	0	0	0	0	0	0	0	0	0	0	0	0	0	0	0	0	0	100	100	100	100	100	100	100	100	100	100	100	100	100	100	100	100	100	100	100	100	100	100	100	100	100	100	100	100	100	100	100	100	100	100	100	100	100	100	100	100	100	100	100	100	100	100	100	100	100	100	100	100	100	100	100	100	100	100	100	100	100	100	100	100	100
hlde	0	0	0	0	0	0	0	0	0	0	0	0	0	0	0	0	0	0	0	100	99.93	100	100	100	100	99.93	99.93	100	99.93	100	100	99.93	100	100	99.86	100	100	100	100	100	100	100	99.93	100	100	100	100	100	100	100	99.93	100	100	99.93	100	100	100	99.93	99.93	100	100	99.86	100	100	100	100	100	100	99.93	99.93	100	100	99.93	100	100	99.93	100	100	100	100	100	100	100	99.93
hsib1/vipa	91.14	91.14	90.56	91.14	91.14	91.14	91.14	91.14	90.56	91.14	90.56	91.14	91.14	91.14	91.14	91.14	0	0	0	0	0	0	0	0	0	0	0	0	0	0	0	0	0	0	0	0	0	0	0	0	0	0	0	0	0	0	0	0	0	0	0	0	0	0	0	0	0	0	0	0	0	0	0	0	0	0	0	0	0	0	0	0	0	0	0	0	0	0	0	0	0	0	0	0
hsic1/vipb	83.3	83.3	83.3	83.3	83.3	83.3	83.3	83.3	83.3	83.3	83.3	83.3	83.3	83.3	83.3	83.3	0	0	0	0	0	0	0	0	0	0	0	0	0	0	0	0	0	0	0	0	0	0	0	0	0	0	0	0	0	0	0	0	0	0	0	0	0	0	0	0	0	0	0	0	0	0	0	0	0	0	0	0	0	0	0	0	0	0	0	0	0	0	0	0	0	0	0	0
htpb	98.91	98.91	98.91	98.91	98.91	98.91	98.91	98.91	98.85	98.91	98.85	98.91	98.91	98.91	98.91	98.91	98.97	98.91	98.91	93.59	93.59	93.59	93.59	93.59	93.59	93.59	93.59	93.59	93.59	93.59	93.59	93.59	93.59	93.59	93.59	93.59	93.59	93.59	93.59	93.59	93.59	93.59	93.59	93.59	93.59	93.59	93.59	93.59	93.59	93.59	93.59	93.59	93.59	93.59	93.59	93.59	93.59	93.59	93.59	93.59	93.59	93.59	93.59	93.59	93.59	93.59	93.59	93.59	92.98	92.98	92.98	92.98	92.98	92.98	92.98	92.98	92.98	92.98	92.98	92.98	92.98	92.98	92.98	92.98
htrb	0	0	0	0	0	0	0	0	0	0	0	0	0	0	0	0	0	0	0	100	100	100	100	99.89	100	100	100	100	100	100	100	100	100	100	100	100	100	100	99.89	100	100	100	100	100	100	100	100	100	100	100	99.89	100	100	100	100	100	100	99.89	100	100	100	100	100	100	100	100	99.89	100	100	100	100	100	100	100	99.89	100	100	100	100	100	100	100	100	100
icl	82.13	82.13	82.13	82.13	82.13	82.13	82.21	82.13	82.21	82.13	82.21	82.13	82.13	82.13	82.13	82.13	77.47	77.47	77.47	0	0	0	0	0	0	0	0	0	0	0	0	0	0	0	0	0	0	0	0	0	0	0	0	0	0	0	0	0	0	0	0	0	0	0	0	0	0	0	0	0	0	0	0	0	0	0	0	0	0	0	0	0	0	0	0	0	0	0	0	0	0	0	0	0
ilpa	87.41	87.41	87.41	87.41	87.41	87.41	87.41	87.41	87.41	87.41	87.41	87.41	87.41	87.41	87.41	87.41	87.41	87.41	87.41	0	0	0	0	0	0	0	0	0	0	0	0	0	0	0	0	0	0	0	0	0	0	0	0	0	0	0	0	0	0	0	0	0	0	0	0	0	0	0	0	0	0	0	0	0	0	0	0	0	0	0	0	0	0	0	0	0	0	0	0	0	0	0	0	0
inva	100	100	100	100	100	100	100	100	100	100	100	100	100	100	100	100	100	100	100	0	0	0	0	0	0	0	0	0	0	0	0	0	0	0	0	0	0	0	0	0	0	0	0	0	0	0	0	0	0	0	0	0	0	0	0	0	0	0	0	0	0	0	0	0	0	0	0	0	0	0	0	0	0	0	0	0	0	0	0	0	0	0	0	0
invb	100	100	100	100	100	100	100	100	100	100	100	100	100	100	100	100	100	100	100	0	0	0	0	0	0	0	0	0	0	0	0	0	0	0	0	0	0	0	0	0	0	0	0	0	0	0	0	0	0	0	0	0	0	0	0	0	0	0	0	0	0	0	0	0	0	0	0	0	0	0	0	0	0	0	0	0	0	0	0	0	0	0	0	0
invc	100	100	100	100	100	100	100	100	100	100	100	100	100	100	100	100	100	100	100	0	0	0	0	0	0	0	0	0	0	0	0	0	0	0	0	0	0	0	0	0	0	0	0	0	0	0	0	0	0	0	0	0	0	0	0	0	0	0	0	0	0	0	0	0	0	0	0	0	0	0	0	0	0	0	0	0	0	0	0	0	0	0	0	0
inve	100	100	100	100	100	100	100	100	100	100	100	100	100	100	100	100	100	100	100	0	0	0	0	0	0	0	0	0	0	0	0	0	0	0	0	0	0	0	0	0	0	0	0	0	0	0	0	0	0	0	0	0	0	0	0	0	0	0	0	0	0	0	0	0	0	0	0	0	0	0	0	0	0	0	0	0	0	0	0	0	0	0	0	0
invf	100	100	100	100	100	100	100	100	100	100	100	100	100	100	100	100	100	100	100	0	0	0	0	0	0	0	0	0	0	0	0	0	0	0	0	0	0	0	0	0	0	0	0	0	0	0	0	0	0	0	0	0	0	0	0	0	0	0	0	0	0	0	0	0	0	0	0	0	0	0	0	0	0	0	0	0	0	0	0	0	0	0	0	0
invg	100	100	100	100	100	100	100	100	100	100	100	100	100	100	100	100	100	100	100	0	0	0	0	0	0	0	0	0	0	0	0	0	0	0	0	0	0	0	0	0	0	0	0	0	0	0	0	0	0	0	0	0	0	0	0	0	0	0	0	0	0	0	0	0	0	0	0	0	0	0	0	0	0	0	0	0	0	0	0	0	0	0	0	0
invh	100	100	100	100	100	100	100	100	100	100	100	100	100	100	100	100	100	100	100	0	0	0	0	0	0	0	0	0	0	0	0	0	0	0	0	0	0	0	0	0	0	0	0	0	0	0	0	0	0	0	0	0	0	0	0	0	0	0	0	0	0	0	0	0	0	0	0	0	0	0	0	0	0	0	0	0	0	0	0	0	0	0	0	0
invi	100	100	100	100	100	100	100	100	100	100	100	100	100	100	100	100	100	100	100	0	0	0	0	0	0	0	0	0	0	0	0	0	0	0	0	0	0	0	0	0	0	0	0	0	0	0	0	0	0	0	0	0	0	0	0	0	0	0	0	0	0	0	0	0	0	0	0	0	0	0	0	0	0	0	0	0	0	0	0	0	0	0	0	0
invj	100	100	100	100	100	100	100	100	100	100	100	100	100	100	100	100	100	100	100	0	0	0	0	0	0	0	0	0	0	0	0	0	0	0	0	0	0	0	0	0	0	0	0	0	0	0	0	0	0	0	0	0	0	0	0	0	0	0	0	0	0	0	0	0	0	0	0	0	0	0	0	0	0	0	0	0	0	0	0	0	0	0	0	0
irob	95.88	95.88	95.88	95.88	95.88	95.88	95.88	95.88	95.88	95.88	95.88	95.88	95.88	95.88	95.88	95.88	95.88	95.88	95.88	0	0	0	0	0	0	0	0	0	0	0	0	0	0	0	0	0	0	0	0	0	0	0	0	0	0	0	0	0	0	0	0	0	0	0	0	0	0	0	0	0	0	0	0	0	0	0	0	0	0	0	0	0	0	0	0	0	0	0	0	0	0	0	0	0
iroc	96.5	96.5	96.5	96.5	96.5	96.5	96.5	96.5	96.5	96.5	96.5	96.5	96.5	96.5	96.5	96.5	96.47	96.47	96.47	0	0	0	0	0	0	0	0	0	0	0	0	0	0	0	0	0	0	0	0	0	0	0	0	0	0	0	0	0	0	0	0	0	0	0	0	0	0	0	0	0	0	0	0	0	0	0	0	0	0	0	0	0	0	0	0	0	0	0	0	0	0	0	0	0
irod	91.14	91.14	91.14	91.14	91.14	91.14	91.14	91.14	94.31	91.14	94.31	91.14	91.14	91.14	91.14	91.14	94.31	94.31	94.31	0	0	0	0	0	0	0	0	0	0	0	0	0	0	0	0	0	0	0	0	0	0	0	0	0	0	0	0	0	0	0	0	0	0	0	0	0	0	0	0	0	0	0	0	0	0	0	0	0	0	0	0	0	0	0	0	0	0	0	0	0	0	0	0	0
iroe	85.58	85.58	85.58	85.58	85.58	85.58	85.58	85.58	85.58	85.58	85.58	85.58	85.58	85.58	85.58	85.58	85.48	85.48	85.48	0	0	0	0	0	0	0	0	0	0	0	0	0	0	0	0	0	0	0	0	0	0	0	0	0	0	0	0	0	0	0	0	0	0	0	0	0	0	0	0	0	0	0	0	0	0	0	0	0	0	0	0	0	0	0	0	0	0	0	0	0	0	0	0	0
iron	99.77	99.77	99.77	99.77	99.77	99.77	99.77	99.77	99.77	99.77	99.77	99.77	99.77	99.77	99.77	99.77	99.77	99.77	99.77	0	0	0	0	0	0	0	0	0	0	0	0	0	0	0	0	0	0	0	0	0	0	0	0	0	0	0	0	0	0	0	0	0	0	0	0	0	0	0	0	0	0	0	0	0	0	0	0	0	0	0	0	0	0	0	0	0	0	0	0	0	0	0	0	0
irp1	100	100	100	100	100	100	100	100	0	100	0	100	100	100	100	100	0	0	0	0	0	0	0	0	0	0	0	0	0	0	0	0	0	0	0	0	0	0	0	0	0	0	0	0	0	0	0	0	0	0	0	0	0	0	0	0	0	0	0	0	0	0	0	0	0	0	0	0	0	0	0	0	0	0	0	0	0	0	0	0	0	0	0	0
irp2	100	100	100	100	53.8	100	100	100	0	100	0	100	100	100	100	100	0	0	0	0	0	0	0	0	0	0	0	0	0	0	0	0	0	0	0	0	0	0	0	0	0	0	0	0	0	0	0	0	0	0	0	0	0	0	0	0	0	0	0	0	0	0	0	0	0	0	0	0	0	0	0	0	0	0	0	0	0	0	0	0	0	0	0	0
jlpa	0	0	0	0	0	0	0	0	0	0	0	0	0	0	0	0	0	0	0	100	100	100	100	100	100	100	100	100	100	100	100	100	100	100	100	100	100	100	100	100	100	100	100	100	100	100	100	100	100	100	100	100	100	100	100	100	100	100	100	100	100	100	100	100	100	100	100	100	100	100	100	100	100	100	100	100	100	100	100	100	100	100	100	100
kata	51.2	51.2	51.2	51.2	51.2	51.2	51.2	51.2	0	51.2	0	51.2	51.2	51.2	51.2	51.2	0	0	0	0	0	0	0	0	0	0	0	0	0	0	0	0	0	0	0	0	0	0	0	0	0	0	0	0	0	0	0	0	0	0	0	0	0	0	0	0	0	0	0	0	0	0	0	0	0	0	0	0	0	0	0	0	0	0	0	0	0	0	0	0	0	0	0	0
kdsa	96.61	96.61	96.61	96.61	96.61	96.61	96.61	96.61	96.61	96.61	96.61	96.61	96.61	96.61	96.61	96.61	96.61	96.61	96.61	0	0	0	0	0	0	0	0	0	0	0	0	0	0	0	0	0	0	0	0	0	0	0	0	0	0	0	0	0	0	0	0	0	0	0	0	0	0	0	0	0	0	0	0	0	0	0	0	0	0	0	0	0	0	0	0	0	0	0	0	0	0	0	0	0
kdsb	92.55	92.55	92.55	92.55	92.55	92.55	92.55	92.55	92.55	92.55	92.55	92.55	92.55	92.55	92.55	92.55	92.81	92.81	92.81	0	0	0	0	0	0	0	0	0	0	0	0	0	0	0	0	0	0	0	0	0	0	0	0	0	0	0	0	0	0	0	0	0	0	0	0	0	0	0	0	0	0	0	0	0	0	0	0	0	0	0	0	0	0	0	0	0	0	0	0	0	0	0	0	0
kpsc	0	0	0	0	0	0	0	0	0	0	0	0	0	0	0	0	0	0	0	53.09	53.09	53.04	53.09	53.09	53.09	53.09	53.04	53.09	53	53.09	53.09	53.04	53.09	53.09	53.09	53.09	53.09	53.09	53.09	53.09	53.09	53.09	53.09	53.04	53.09	53.04	53.04	53.09	53.09	53.09	53.09	53.09	53.09	53.09	53.09	53.09	53.09	53.09	53.09	53.09	53.09	52.9	53.09	53.09	53.09	53.09	53.09	53.09	99.95	99.95	99.95	99.9	99.95	99.95	99.95	99.95	99.95	99.9	99.95	99.9	99.9	99.9	99.95	99.95
kpsd	0	0	0	0	0	0	0	0	0	0	0	0	0	0	0	0	0	0	0	100	100	100	100	100	100	100	100	100	100	100	100	100	100	100	100	100	100	100	99.94	100	100	100	100	100	100	100	100	100	100	100	100	100	100	100	100	100	100	100	100	100	99.94	99.94	100	100	100	100	100	100	100	100	100	100	100	100	100	100	100	100	100	100	100	100	100	100
kpse	0	0	0	0	0	0	0	0	0	0	0	0	0	0	0	0	0	0	0	100	100	99.91	100	100	99.91	100	100	100	100	100	100	100	100	100	100	100	100	100	100	100	100	100	100	100	100	100	99.91	100	100	100	100	100	100	100	100	100	100	100	99.91	100	99.82	100	100	100	99.91	100	100	100	99.91	99.91	100	99.91	100	99.91	100	100	99.91	99.91	100	100	100	100	99.91	100
kpsf	0	0	0	0	0	0	0	0	0	0	0	0	0	0	0	0	0	0	0	99.58	99.58	99.58	99.47	99.58	99.58	99.58	99.58	99.58	99.58	99.58	99.58	99.58	99.58	99.58	99.58	99.58	99.58	99.58	99.58	99.58	99.58	99.58	99.58	99.58	99.58	99.58	99.58	99.58	99.58	99.58	99.58	99.58	99.58	99.58	99.58	99.58	99.58	99.58	99.58	99.47	99.47	99.47	99.58	99.47	99.58	99.58	99.58	99.47	98.95	98.95	98.95	98.95	98.95	98.95	98.95	98.95	98.95	98.95	98.95	98.95	98.95	98.95	98.95	98.95
kpsm	0	0	0	0	0	0	0	0	0	0	0	0	0	0	0	0	0	0	0	100	100	100	100	100	100	100	100	100	100	100	100	100	100	100	100	100	100	100	100	100	100	100	100	100	100	100	100	100	100	100	100	100	100	100	100	100	100	100	100	100	100	100	100	100	100	100	100	100	100	100	100	100	100	100	100	100	100	99.62	100	100	100	100	100	99.62
kpss	0	0	0	0	0	0	0	0	0	0	0	0	0	0	0	0	0	0	0	99.92	99.92	99.92	99.92	100	99.92	99.92	99.92	99.92	99.92	99.92	100	99.92	99.92	99.92	99.92	100	99.92	99.92	99.92	99.92	99.92	99.92	99.92	99.92	100	99.92	99.92	99.92	99.92	100	99.92	99.92	99.92	99.92	99.92	99.92	99.92	99.92	99.92	99.92	99.92	99.58	99.92	99.92	99.92	99.92	99.92	99.92	100	99.92	99.92	99.92	99.92	99.92	99.92	100	99.92	99.92	99.92	99.92	99.92	100	100	99.92
kpst	0	0	0	0	0	0	0	0	0	0	0	0	0	0	0	0	0	0	0	99.85	100	99.85	100	99.85	100	99.85	99.85	99.85	99.85	100	100	100	100	99.85	99.85	100	99.85	99.85	99.85	100	100	99.85	99.85	100	100	100	99.85	99.85	100	99.7	99.85	100	99.85	100	99.85	100	99.85	100	100	100	100	100	100	100	100	100	99.85	99.85	99.85	100	100	100	100	99.85	100	99.85	99.85	99.85	99.85	100	99.85	100	100	99.85
lpfa	100	100	100	100	100	100	100	100	0	100	0	100	100	100	100	100	100	100	100	0	0	0	0	0	0	0	0	0	0	0	0	0	0	0	0	0	0	0	0	0	0	0	0	0	0	0	0	0	0	0	0	0	0	0	0	0	0	0	0	0	0	0	0	0	0	0	0	0	0	0	0	0	0	0	0	0	0	0	0	0	0	0	0	0
lpfb	100	100	100	100	100	100	100	100	0	100	0	100	100	100	100	100	100	100	100	0	0	0	0	0	0	0	0	0	0	0	0	0	0	0	0	0	0	0	0	0	0	0	0	0	0	0	0	0	0	0	0	0	0	0	0	0	0	0	0	0	0	0	0	0	0	0	0	0	0	0	0	0	0	0	0	0	0	0	0	0	0	0	0	0
lpfc	100	100	100	100	100	100	100	100	0	100	0	100	100	100	100	100	100	100	100	0	0	0	0	0	0	0	0	0	0	0	0	0	0	0	0	0	0	0	0	0	0	0	0	0	0	0	0	0	0	0	0	0	0	0	0	0	0	0	0	0	0	0	0	0	0	0	0	0	0	0	0	0	0	0	0	0	0	0	0	0	0	0	0	0
lpfd	100	100	100	100	100	100	100	100	0	100	0	100	100	100	100	100	100	100	100	0	0	0	0	0	0	0	0	0	0	0	0	0	0	0	0	0	0	0	0	0	0	0	0	0	0	0	0	0	0	0	0	0	0	0	0	0	0	0	0	0	0	0	0	0	0	0	0	0	0	0	0	0	0	0	0	0	0	0	0	0	0	0	0	0
lpfe	100	100	100	100	100	100	100	100	0	100	0	100	100	100	100	100	100	100	100	0	0	0	0	0	0	0	0	0	0	0	0	0	0	0	0	0	0	0	0	0	0	0	0	0	0	0	0	0	0	0	0	0	0	0	0	0	0	0	0	0	0	0	0	0	0	0	0	0	0	0	0	0	0	0	0	0	0	0	0	0	0	0	0	0
lpxb	78.52	78.52	78.6	78.52	78.52	78.52	78.52	78.52	78.6	78.52	78.6	78.52	78.52	78.52	78.52	78.52	78.6	78.6	78.6	0	0	0	0	0	0	0	0	0	0	0	0	0	0	0	0	0	0	0	0	0	0	0	0	0	0	0	0	0	0	0	0	0	0	0	0	0	0	0	0	0	0	0	0	0	0	0	0	0	0	0	0	0	0	0	0	0	0	0	0	0	0	0	0	0
lpxc	93.14	93.14	93.14	93.14	93.14	93.14	93.14	93.14	93.14	93.14	93.14	93.14	93.14	93.14	93.14	93.14	93.14	93.14	93.14	0	0	0	0	0	0	0	0	0	0	0	0	0	0	0	0	0	0	0	0	0	0	0	0	0	0	0	0	0	0	0	0	0	0	0	0	0	0	0	0	0	0	0	0	0	0	0	0	0	0	0	0	0	0	0	0	0	0	0	0	0	0	0	0	0
lpxd	59.84	59.84	59.84	59.84	59.84	59.84	59.84	59.84	59.84	59.84	59.84	59.84	59.84	59.84	59.84	59.84	59.84	59.84	59.84	0	0	0	0	0	0	0	0	0	0	0	0	0	0	0	0	0	0	0	0	0	0	0	0	0	0	0	0	0	0	0	0	0	0	0	0	0	0	0	0	0	0	0	0	0	0	0	0	0	0	0	0	0	0	0	0	0	0	0	0	0	0	0	0	0
luxs	80.15	80.15	80.15	80.15	80.15	80.15	80.15	80.15	80.15	80.15	80.15	80.15	80.15	80.15	80.15	80.15	80.15	80.15	80.15	0	0	0	0	0	0	0	0	0	0	0	0	0	0	0	0	0	0	0	0	0	0	0	0	0	0	0	0	0	0	0	0	0	0	0	0	0	0	0	0	0	0	0	0	0	0	0	0	0	82.47	82.47	82.47	82.47	82.47	82.47	82.47	82.47	82.47	82.47	82.47	82.47	82.47	82.47	82.47	82.47
manb	74.76	74.76	74.76	74.76	74.76	74.76	74.76	74.76	74.47	74.76	74.47	74.76	74.76	74.76	74.76	74.76	74.62	74.62	74.62	0	0	0	0	0	0	0	0	0	0	0	0	0	0	0	0	0	0	0	0	0	0	0	0	0	0	0	0	0	0	0	0	0	0	0	0	0	0	0	0	0	0	0	0	0	0	0	0	0	0	0	0	0	0	0	0	0	0	0	0	0	0	0	0	0
mgtb	100	100	100	100	100	100	100	100	100	100	100	100	100	100	100	100	100	100	100	0	0	0	0	0	0	0	0	0	0	0	0	0	0	0	0	0	0	0	0	0	0	0	0	0	0	0	0	0	0	0	0	0	0	0	0	0	0	0	0	0	0	0	0	0	0	0	0	0	0	0	0	0	0	0	0	0	0	0	0	0	0	0	0	0
mgtc	100	100	100	100	100	100	100	100	100	100	100	100	100	100	100	100	100	100	100	0	0	0	0	0	0	0	0	0	0	0	0	0	0	0	0	0	0	0	0	0	0	0	0	0	0	0	0	0	0	0	0	0	0	0	0	0	0	0	0	0	0	0	0	0	0	0	0	0	0	0	0	0	0	0	0	0	0	0	0	0	0	0	0	0
mig-14	100	100	100	100	100	100	100	100	100	100	100	100	100	100	100	100	100	100	100	0	0	0	0	0	0	0	0	0	0	0	0	0	0	0	0	0	0	0	0	0	0	0	0	0	0	0	0	0	0	0	0	0	0	0	0	0	0	0	0	0	0	0	0	0	0	0	0	0	0	0	0	0	0	0	0	0	0	0	0	0	0	0	0	0
misl	100	100	100	100	100	100	100	100	99.48	100	99.48	100	100	100	100	100	100	100	100	0	0	0	0	0	0	0	0	0	0	0	0	0	0	0	0	0	0	0	0	0	0	0	0	0	0	0	0	0	0	0	0	0	0	0	0	0	0	0	0	0	0	0	0	0	0	0	0	0	0	0	0	0	0	0	0	0	0	0	0	0	0	0	0	0
mota	93.24	93.24	93.24	93.24	93.24	93.24	93.24	93.24	94.14	93.24	94.14	93.24	93.24	93.24	93.24	93.24	93.24	93.24	93.24	100	99.87	100	99.87	100	100	100	99.74	100	100	99.87	99.87	100	100	99.87	99.87	99.87	100	99.87	99.87	100	100	100	100	99.87	100	100	100	99.87	99.87	100	99.74	100	99.87	99.87	99.74	100	99.87	99.87	99.87	100	100	100	100	100	100	100	99.87	99.87	99.87	100	100	100	100	100	99.87	100	100	100	100	99.87	99.87	100	100	100
motb	60.32	60.32	60.24	60.32	60.32	60.32	60.32	60.32	60.24	60.32	60.24	60.32	60.32	60.32	60.32	60.32	60.32	60.32	60.32	100	100	100	100	100	100	100	100	100	100	100	100	100	100	100	100	100	100	100	100	100	100	100	100	100	100	100	100	100	100	100	100	100	100	100	100	100	100	100	100	100	100	100	100	100	100	100	100	100	100	100	100	100	100	100	100	100	100	100	100	100	100	100	100	100
neua1	0	0	0	0	0	0	0	0	0	0	0	0	0	0	0	0	0	0	0	0	0	0	0	0	0	0	0	0	0	0	0	0	0	0	0	0	0	0	0	0	0	0	0	0	0	0	0	0	0	0	0	0	0	0	0	0	0	0	0	0	0	0	0	0	0	0	0	0	94.54	94.48	94.48	94.48	94.54	94.54	94.54	94.48	94.54	94.48	94.48	94.54	94.54	94.54	94.54	94.54
neub1	0	0	0	0	0	0	0	0	0	0	0	0	0	0	0	0	0	0	0	0	0	0	0	0	0	0	0	0	0	0	0	0	0	0	0	0	0	0	0	0	0	0	0	0	0	0	0	0	0	0	0	0	0	0	0	0	0	0	0	0	0	0	0	0	0	0	0	0	93.8	93.8	93.8	93.8	93.8	93.8	93.8	93.8	93.8	93.8	93.8	93.8	93.8	93.8	93.8	93.8
neuc1	0	0	0	0	0	0	0	0	0	0	0	0	0	0	0	0	0	0	0	0	0	0	0	0	0	0	0	0	0	0	0	0	0	0	0	0	0	0	0	0	0	0	0	0	0	0	0	0	0	0	0	0	0	0	0	0	0	0	0	0	0	0	0	0	0	0	0	0	85.04	85.04	85.04	85.04	85.04	85.04	85.04	85.04	85.04	85.04	85.04	85.04	85.04	85.04	85.04	85.04
ompa	100	100	100	100	100	100	100	100	100	100	100	100	100	100	100	100	100	100	100	0	0	0	0	0	0	0	0	0	0	0	0	0	0	0	0	0	0	0	0	0	0	0	0	0	0	0	0	0	0	0	0	0	0	0	0	0	0	0	0	0	0	0	0	0	0	0	0	0	0	0	0	0	0	0	0	0	0	0	0	0	0	0	0	0
orga	100	100	100	100	100	100	100	100	100	100	100	100	100	100	100	100	100	100	100	0	0	0	0	0	0	0	0	0	0	0	0	0	0	0	0	0	0	0	0	0	0	0	0	0	0	0	0	0	0	0	0	0	0	0	0	0	0	0	0	0	0	0	0	0	0	0	0	0	0	0	0	0	0	0	0	0	0	0	0	0	0	0	0	0
orgb	100	100	100	100	100	100	100	100	100	100	100	100	100	100	100	100	100	100	100	0	0	0	0	0	0	0	0	0	0	0	0	0	0	0	0	0	0	0	0	0	0	0	0	0	0	0	0	0	0	0	0	0	0	0	0	0	0	0	0	0	0	0	0	0	0	0	0	0	0	0	0	0	0	0	0	0	0	0	0	0	0	0	0	0
orgc	100	100	100	100	100	100	100	100	100	100	100	100	100	100	100	100	100	100	100	0	0	0	0	0	0	0	0	0	0	0	0	0	0	0	0	0	0	0	0	0	0	0	0	0	0	0	0	0	0	0	0	0	0	0	0	0	0	0	0	0	0	0	0	0	0	0	0	0	0	0	0	0	0	0	0	0	0	0	0	0	0	0	0	0
peba	0	0	0	0	0	0	0	0	0	0	0	0	0	0	0	0	0	0	99.74	99.87	100	100	99.87	100	99.87	100	99.87	100	100	100	99.87	100	100	100	99.87	99.87	100	100	100	100	100	99.87	100	100	99.87	100	100	99.87	99.87	100	99.87	100	100	99.87	99.87	100	100	100	99.87	100	100	99.62	100	100	100	100	100	99.87	99.87	100	99.87	99.87	99.87	99.87	99.87	99.87	99.87	99.87	99.87	99.87	99.87	99.87	99.87	100
pefa	0	0	0	0	0	0	0	0	0	0	0	0	0	0	0	0	100	100	100	0	0	0	0	0	0	0	0	0	0	0	0	0	0	0	0	0	0	0	0	0	0	0	0	0	0	0	0	0	0	0	0	0	0	0	0	0	0	0	0	0	0	0	0	0	0	0	0	0	0	0	0	0	0	0	0	0	0	0	0	0	0	0	0	0
pefb	0	0	0	0	0	0	0	0	0	0	0	0	0	0	0	0	100	100	100	0	0	0	0	0	0	0	0	0	0	0	0	0	0	0	0	0	0	0	0	0	0	0	0	0	0	0	0	0	0	0	0	0	0	0	0	0	0	0	0	0	0	0	0	0	0	0	0	0	0	0	0	0	0	0	0	0	0	0	0	0	0	0	0	0
pefc	0	0	0	0	0	0	0	0	0	0	0	0	0	0	0	0	100	100	100	0	0	0	0	0	0	0	0	0	0	0	0	0	0	0	0	0	0	0	0	0	0	0	0	0	0	0	0	0	0	0	0	0	0	0	0	0	0	0	0	0	0	0	0	0	0	0	0	0	0	0	0	0	0	0	0	0	0	0	0	0	0	0	0	0
pefd	0	0	0	0	0	0	0	0	0	0	0	0	0	0	0	0	100	100	100	0	0	0	0	0	0	0	0	0	0	0	0	0	0	0	0	0	0	0	0	0	0	0	0	0	0	0	0	0	0	0	0	0	0	0	0	0	0	0	0	0	0	0	0	0	0	0	0	0	0	0	0	0	0	0	0	0	0	0	0	0	0	0	0	0
pfla	0	0	0	0	0	0	0	0	0	0	0	0	0	0	0	0	0	0	0	99.7	99.79	99.75	99.79	99.75	99.79	99.79	99.7	99.75	99.7	99.75	99.79	99.79	99.79	99.75	99.79	99.75	99.75	99.79	99.79	99.79	99.7	99.75	99.79	99.75	99.79	99.75	99.75	99.79	99.75	99.79	99.79	99.79	99.79	99.79	99.79	99.75	99.79	99.79	99.83	99.75	99.79	73.22	99.79	99.75	99.75	99.75	99.79	99.79	99.96	99.96	99.92	99.96	99.92	99.96	99.96	99.96	99.96	99.92	99.96	99.96	99.96	99.96	100	99.87
pilw	59.17	59.17	59.17	59.17	59.17	59.17	59.17	59.17	75.68	59.17	75.68	59.17	59.17	59.17	59.17	59.17	75.68	75.68	75.68	0	0	0	0	0	0	0	0	0	0	0	0	0	0	0	0	0	0	0	0	0	0	0	0	0	0	0	0	0	0	0	0	0	0	0	0	0	0	0	0	0	0	0	0	0	0	0	0	0	0	0	0	0	0	0	0	0	0	0	0	0	0	0	0	0
pipb	100	100	100	100	100	100	100	100	100	100	100	100	100	100	100	100	100	100	100	0	0	0	0	0	0	0	0	0	0	0	0	0	0	0	0	0	0	0	0	0	0	0	0	0	0	0	0	0	0	0	0	0	0	0	0	0	0	0	0	0	0	0	0	0	0	0	0	0	0	0	0	0	0	0	0	0	0	0	0	0	0	0	0	0
pipb2	100	100	100	100	100	100	100	100	51.85	100	51.85	100	100	100	100	100	100	100	100	0	0	0	0	0	0	0	0	0	0	0	0	0	0	0	0	0	0	0	0	0	0	0	0	0	0	0	0	0	0	0	0	0	0	0	0	0	0	0	0	0	0	0	0	0	0	0	0	0	0	0	0	0	0	0	0	0	0	0	0	0	0	0	0	0
pla	83.71	83.71	83.71	83.71	83.71	83.71	83.71	83.71	84.03	83.71	84.03	83.71	83.71	83.71	83.71	83.71	84.03	84.03	84.03	0	0	0	0	0	0	0	0	0	0	0	0	0	0	0	0	0	0	0	0	0	0	0	0	0	0	0	0	0	0	0	0	0	0	0	0	0	0	0	0	0	0	0	0	0	0	0	0	0	0	0	0	0	0	0	0	0	0	0	0	0	0	0	0	0
pora	0	0	0	0	0	0	0	0	0	0	0	0	0	0	0	0	0	0	0	96.55	96.55	96.55	96.55	96.55	96.55	96.55	96.55	96.55	96.55	96.55	96.55	96.55	96.55	96.55	96.55	96.55	96.55	96.55	96.55	96.55	96.55	96.55	96.55	96.55	96.55	96.55	96.55	96.55	96.55	96.55	96.55	96.55	96.55	96.55	96.55	96.55	96.55	96.55	96.55	96.55	96.55	96.55	96.55	96.55	96.55	96.55	96.55	96.55	100	100	100	100	100	100	100	100	100	100	100	100	100	100	100	100
prgh	100	100	100	100	100	100	100	100	100	100	100	100	100	100	100	100	100	100	100	0	0	0	0	0	0	0	0	0	0	0	0	0	0	0	0	0	0	0	0	0	0	0	0	0	0	0	0	0	0	0	0	0	0	0	0	0	0	0	0	0	0	0	0	0	0	0	0	0	0	0	0	0	0	0	0	0	0	0	0	0	0	0	0	0
prgi	100	100	100	100	100	100	100	100	100	100	100	100	100	100	100	100	100	100	100	0	0	0	0	0	0	0	0	0	0	0	0	0	0	0	0	0	0	0	0	0	0	0	0	0	0	0	0	0	0	0	0	0	0	0	0	0	0	0	0	0	0	0	0	0	0	0	0	0	0	0	0	0	0	0	0	0	0	0	0	0	0	0	0	0
prgj	100	100	100	100	100	100	100	100	100	100	100	100	100	100	100	100	100	100	100	0	0	0	0	0	0	0	0	0	0	0	0	0	0	0	0	0	0	0	0	0	0	0	0	0	0	0	0	0	0	0	0	0	0	0	0	0	0	0	0	0	0	0	0	0	0	0	0	0	0	0	0	0	0	0	0	0	0	0	0	0	0	0	0	0
prgk	100	100	100	100	100	100	100	100	100	100	100	100	100	100	100	100	100	100	100	0	0	0	0	0	0	0	0	0	0	0	0	0	0	0	0	0	0	0	0	0	0	0	0	0	0	0	0	0	0	0	0	0	0	0	0	0	0	0	0	0	0	0	0	0	0	0	0	0	0	0	0	0	0	0	0	0	0	0	0	0	0	0	0	0
psea	0	0	0	0	0	0	0	0	0	0	0	0	0	0	0	0	0	0	0	99.91	100	99.91	100	99.91	99.82	100	99.91	99.91	100	100	100	100	99.91	99.91	100	100	100	100	99.82	100	100	100	100	100	100	99.91	100	99.74	99.91	100	99.91	99.91	100	99.91	100	100	99.91	100	100	99.74	100	99.65	99.91	100	100	100	99.74	100	99.82	99.91	99.82	99.82	99.82	99.82	99.91	99.91	99.91	99.91	99.91	99.91	99.82	99.91	99.91	99.91
pseb	0	0	0	0	0	0	0	0	0	0	0	0	0	0	0	0	0	0	0	100	100	100	100	100	100	100	100	100	100	100	100	100	100	100	100	100	100	100	100	100	100	100	100	100	100	100	100	100	100	100	100	100	100	100	100	100	100	100	100	100	100	100	100	100	100	100	100	100	100	100	100	100	100	100	100	100	100	100	100	100	100	100	100	100
psec	0	0	0	0	0	0	0	0	0	0	0	0	0	0	0	0	0	0	0	100	100	100	100	100	100	100	100	100	100	100	100	100	100	100	100	100	100	100	100	100	100	100	100	100	100	100	100	100	100	100	100	100	100	100	100	100	100	100	99.91	100	100	100	100	100	100	100	100	100	100	100	100	100	100	100	100	100	100	100	100	100	100	100	100	100
psed/maf2	0	0	0	0	0	0	0	0	0	0	0	0	0	0	0	0	0	0	0	99.13	99.13	99.13	99.13	99.13	99.13	99.13	99.13	99.13	99.13	99.13	99.13	99.13	99.13	99.08	99.13	99.13	99.03	99.13	99.13	99.13	99.13	99.18	99.13	99.13	99.13	99.03	99.18	99.08	99.18	99.18	99.18	99.13	99.13	99.13	99.13	99.13	99.13	99.13	99.13	99.18	99.13	99.03	99.08	99.13	99.13	99.13	99.03	99.13	99.85	99.85	99.85	99.85	99.85	99.85	99.9	99.9	99.85	99.85	99.85	99.9	99.85	99.85	99.85	99.85
psee/maf5	0	0	0	0	0	0	0	0	0	0	0	0	0	0	0	0	0	99.79	0	99.95	100	100	100	99.95	99.89	99.95	100	99.95	99.95	99.95	99.95	99.95	100	99.95	99.95	100	100	100	99.95	100	100	99.95	99.95	100	99.95	99.95	99.95	99.95	100	99.95	100	100	100	99.95	99.95	99.95	99.95	100	99.84	100	99.95	99.95	100	99.95	99.95	100	99.89	100	100	100	99.95	99.95	99.95	99.95	99.95	99.95	99.95	99.95	99.95	99.95	100	99.95	100	100
psef	0	0	0	0	0	0	0	0	0	0	0	0	0	0	0	0	0	0	0	100	100	100	99.86	100	100	100	99.86	100	100	100	100	100	100	100	100	100	99.71	99.86	100	100	100	100	100	100	100	99.71	100	99.86	99.86	100	99.86	100	100	100	100	100	99.86	100	100	100	99.86	100	100	100	99.86	99.86	100	100	99.86	100	100	100	99.86	100	100	99.86	100	99.86	100	100	100	100	100	100
pseg	0	0	0	0	0	0	0	0	0	0	0	0	0	0	0	0	0	0	0	100	100	100	100	100	100	100	100	100	100	100	100	100	100	100	100	100	100	100	100	100	100	100	100	100	100	100	100	100	100	100	100	100	100	100	100	100	100	100	99.88	100	100	100	100	100	100	100	100	100	100	100	100	100	100	100	100	100	100	100	100	100	100	100	100	100
pseh	0	0	0	0	0	0	0	0	0	0	0	0	0	0	0	0	0	0	0	100	100	100	100	100	100	100	100	100	100	100	100	100	99.79	100	100	100	100	100	100	100	100	100	100	100	100	100	100	100	100	100	100	100	100	100	100	100	100	100	100	100	100	100	100	100	100	100	100	100	100	100	100	100	100	100	100	100	100	100	100	100	100	100	100	100
psei	0	0	0	0	0	0	0	0	0	0	0	0	0	0	0	0	0	0	0	99.32	99.32	99.32	99.32	99.32	99.32	99.32	99.32	99.32	99.32	99.32	99.32	99.32	99.32	99.32	99.32	99.32	99.32	99.32	99.32	99.32	99.32	99.32	99.32	99.32	99.32	99.32	99.32	99.32	99.32	99.32	99.32	99.22	99.32	99.32	99.32	99.32	99.32	99.32	99.32	99.32	99.32	99.32	99.32	99.32	99.32	99.32	99.22	99.32	100	99.81	100	100	100	100	100	100	100	100	100	100	100	100	100	100
ptma	0	0	0	0	0	0	0	0	0	0	0	0	0	0	0	0	0	0	0	100	100	100	100	100	100	100	100	100	100	100	100	100	100	100	100	100	100	100	99.87	100	100	100	100	100	100	100	100	100	100	100	100	100	100	100	100	100	100	100	100	100	100	99.87	100	100	100	100	100	100	100	100	100	100	100	100	100	100	100	100	100	100	100	100	100	100
ptmb	0	0	0	0	0	0	0	0	0	0	0	0	0	0	0	0	0	0	0	100	100	100	100	100	100	100	100	100	100	100	100	100	100	100	100	100	100	100	100	100	100	100	100	100	100	100	100	100	100	100	100	100	100	100	100	100	100	100	100	100	100	99.86	100	100	100	100	100	100	100	100	100	100	100	100	100	100	100	100	100	100	100	100	100	100
ratb	100	100	100	100	100	100	100	100	100	100	100	100	100	100	100	100	100	100	100	0	0	0	0	0	0	0	0	0	0	0	0	0	0	0	0	0	0	0	0	0	0	0	0	0	0	0	0	0	0	0	0	0	0	0	0	0	0	0	0	0	0	0	0	0	0	0	0	0	0	0	0	0	0	0	0	0	0	0	0	0	0	0	0	0
rck	0	0	0	0	0	0	0	0	0	0	0	0	0	0	0	0	100	100	100	0	0	0	0	0	0	0	0	0	0	0	0	0	0	0	0	0	0	0	0	0	0	0	0	0	0	0	0	0	0	0	0	0	0	0	0	0	0	0	0	0	0	0	0	0	0	0	0	0	0	0	0	0	0	0	0	0	0	0	0	0	0	0	0	0
rfad	98.6	98.6	98.6	98.6	98.6	98.6	98.6	98.6	98.6	98.6	98.6	98.6	98.6	98.6	98.6	98.6	98.6	98.6	98.6	0	0	0	0	0	0	0	0	0	0	0	0	0	0	0	0	0	0	0	0	0	0	0	0	0	0	0	0	0	0	0	0	0	0	0	0	0	0	0	0	0	0	0	0	0	0	0	0	0	0	0	0	0	0	0	0	0	0	0	0	0	0	0	0	0
rfae	77.64	77.64	77.64	77.64	77.64	77.64	77.64	77.64	77.64	77.64	77.64	77.64	77.64	77.64	77.64	77.64	77.64	77.64	77.64	0	0	0	0	0	0	0	0	0	0	0	0	0	0	0	0	0	0	0	0	0	0	0	0	0	0	0	0	0	0	0	0	0	0	0	0	0	0	0	0	0	0	0	0	0	0	0	0	0	0	0	0	0	0	0	0	0	0	0	0	0	0	0	0	0
rfbc	0	0	0	0	0	0	0	0	0	0	0	0	0	0	0	0	0	0	0	94.51	94.51	94.51	94.51	94.32	94.51	94.51	94.51	94.51	94.51	94.51	94.32	94.32	94.51	94.32	94.32	94.32	94.51	94.32	94.32	94.51	94.51	94.51	94.51	94.32	94.51	94.51	94.32	94.51	94.51	94.32	94.51	94.51	94.51	94.51	94.32	94.32	94.51	94.51	94.51	94.51	94.51	94.51	94.32	94.51	94.51	94.51	94.32	94.51	96.89	96.89	96.89	96.89	96.89	96.89	96.89	96.89	96.89	96.89	96.89	96.89	96.89	96.89	96.89	96.89
rffg	75.25	75.25	75.05	75.25	75.25	75.25	75.25	75.25	75.05	75.25	75.05	75.25	75.25	75.25	75.25	75.25	75.05	75.05	75.05	0	0	0	0	0	0	0	0	0	0	0	0	0	0	0	0	0	0	0	0	0	0	0	0	0	0	0	0	0	0	0	0	0	0	0	0	0	0	0	0	0	0	0	0	0	0	0	0	0	0	0	0	0	0	0	0	0	0	0	0	0	0	0	0	0
rpon	0	0	0	0	0	0	0	0	0	0	0	0	0	0	0	0	0	0	99.76	100	99.92	100	99.92	99.92	99.92	99.92	99.84	99.92	100	99.92	99.92	99.92	99.84	99.92	99.92	100	100	99.92	99.92	99.92	99.92	99.92	99.92	100	99.92	100	99.92	99.92	99.92	99.92	100	99.92	99.92	99.92	99.92	99.92	99.92	99.92	100	99.84	99.92	99.92	99.92	99.92	99.92	100	99.84	99.92	99.92	99.92	100	99.92	99.92	99.92	99.92	99.92	99.92	99.92	99.92	99.92	99.92	99.92	99.92	99.92
shda	83.3	83.3	99.69	83.3	83.3	83.3	83.3	83.3	84	83.3	84	83.3	83.3	83.3	83.3	83.3	99.12	99.12	99.12	0	0	0	0	0	0	0	0	0	0	0	0	0	0	0	0	0	0	0	0	0	0	0	0	0	0	0	0	0	0	0	0	0	0	0	0	0	0	0	0	0	0	0	0	0	0	0	0	0	0	0	0	0	0	0	0	0	0	0	0	0	0	0	0	0
sica	100	100	100	100	100	100	100	100	100	100	100	100	100	100	100	100	100	100	100	0	0	0	0	0	0	0	0	0	0	0	0	0	0	0	0	0	0	0	0	0	0	0	0	0	0	0	0	0	0	0	0	0	0	0	0	0	0	0	0	0	0	0	0	0	0	0	0	0	0	0	0	0	0	0	0	0	0	0	0	0	0	0	0	0
sicp	100	100	100	100	100	100	100	100	100	100	100	100	100	100	100	100	100	100	100	0	0	0	0	0	0	0	0	0	0	0	0	0	0	0	0	0	0	0	0	0	0	0	0	0	0	0	0	0	0	0	0	0	0	0	0	0	0	0	0	0	0	0	0	0	0	0	0	0	0	0	0	0	0	0	0	0	0	0	0	0	0	0	0	0
sifa	100	100	100	100	100	100	100	100	100	100	100	100	100	100	100	100	100	100	100	0	0	0	0	0	0	0	0	0	0	0	0	0	0	0	0	0	0	0	0	0	0	0	0	0	0	0	0	0	0	0	0	0	0	0	0	0	0	0	0	0	0	0	0	0	0	0	0	0	0	0	0	0	0	0	0	0	0	0	0	0	0	0	0	0
sifb	100	100	100	100	100	100	100	100	100	100	100	100	100	100	100	100	100	100	100	0	0	0	0	0	0	0	0	0	0	0	0	0	0	0	0	0	0	0	0	0	0	0	0	0	0	0	0	0	0	0	0	0	0	0	0	0	0	0	0	0	0	0	0	0	0	0	0	0	0	0	0	0	0	0	0	0	0	0	0	0	0	0	0	0
sinh	100	100	100	100	100	100	100	100	100	100	100	100	100	100	100	100	88.14	88.14	88.14	0	0	0	0	0	0	0	0	0	0	0	0	0	0	0	0	0	0	0	0	0	0	0	0	0	0	0	0	0	0	0	0	0	0	0	0	0	0	0	0	0	0	0	0	0	0	0	0	0	0	0	0	0	0	0	0	0	0	0	0	0	0	0	0	0
sipa/sspa	100	100	100	100	100	100	100	100	100	100	100	100	100	100	100	100	100	100	100	0	0	0	0	0	0	0	0	0	0	0	0	0	0	0	0	0	0	0	0	0	0	0	0	0	0	0	0	0	0	0	0	0	0	0	0	0	0	0	0	0	0	0	0	0	0	0	0	0	0	0	0	0	0	0	0	0	0	0	0	0	0	0	0	0
sipb/sspb	100	100	100	100	100	100	100	100	100	100	100	100	100	100	100	100	100	100	100	0	0	0	0	0	0	0	0	0	0	0	0	0	0	0	0	0	0	0	0	0	0	0	0	0	0	0	0	0	0	0	0	0	0	0	0	0	0	0	0	0	0	0	0	0	0	0	0	0	0	0	0	0	0	0	0	0	0	0	0	0	0	0	0	0
sipc/sspc	100	100	100	100	100	100	100	100	100	100	100	100	100	100	100	100	100	100	100	0	0	0	0	0	0	0	0	0	0	0	0	0	0	0	0	0	0	0	0	0	0	0	0	0	0	0	0	0	0	0	0	0	0	0	0	0	0	0	0	0	0	0	0	0	0	0	0	0	0	0	0	0	0	0	0	0	0	0	0	0	0	0	0	0
sipd	100	100	100	100	100	100	100	100	100	100	100	100	100	100	100	100	100	100	100	0	0	0	0	0	0	0	0	0	0	0	0	0	0	0	0	0	0	0	0	0	0	0	0	0	0	0	0	0	0	0	0	0	0	0	0	0	0	0	0	0	0	0	0	0	0	0	0	0	0	0	0	0	0	0	0	0	0	0	0	0	0	0	0	0
slrp	100	100	100	100	100	100	100	100	0	100	0	100	100	100	100	100	98.13	98.13	98.13	0	0	0	0	0	0	0	0	0	0	0	0	0	0	0	0	0	0	0	0	0	0	0	0	0	0	0	0	0	0	0	0	0	0	0	0	0	0	0	0	0	0	0	0	0	0	0	0	0	0	0	0	0	0	0	0	0	0	0	0	0	0	0	0	0
sodci	100	100	100	100	100	100	100	100	0	100	0	100	100	100	100	100	100	100	100	0	0	0	0	0	0	0	0	0	0	0	0	0	0	0	0	0	0	0	0	0	0	0	0	0	0	0	0	0	0	0	0	0	0	0	0	0	0	0	0	0	0	0	0	0	0	0	0	0	0	0	0	0	0	0	0	0	0	0	0	0	0	0	0	0
sopa	100	100	99.66	100	100	100	100	100	99.66	100	99.66	100	100	100	100	100	100	100	100	0	0	0	0	0	0	0	0	0	0	0	0	0	0	0	0	0	0	0	0	0	0	0	0	0	0	0	0	0	0	0	0	0	0	0	0	0	0	0	0	0	0	0	0	0	0	0	0	0	0	0	0	0	0	0	0	0	0	0	0	0	0	0	0	0
sopb/sigd	100	100	100	100	100	100	100	100	100	100	100	100	100	100	100	100	100	100	100	0	0	0	0	0	0	0	0	0	0	0	0	0	0	0	0	0	0	0	0	0	0	0	0	0	0	0	0	0	0	0	0	0	0	0	0	0	0	0	0	0	0	0	0	0	0	0	0	0	0	0	0	0	0	0	0	0	0	0	0	0	0	0	0	0
sopd	100	100	99.79	100	100	100	100	100	0	100	0	100	100	100	100	100	100	100	100	0	0	0	0	0	0	0	0	0	0	0	0	0	0	0	0	0	0	0	0	0	0	0	0	0	0	0	0	0	0	0	0	0	0	0	0	0	0	0	0	0	0	0	0	0	0	0	0	0	0	0	0	0	0	0	0	0	0	0	0	0	0	0	0	0
sopd2	100	100	100	100	100	100	100	100	100	100	100	100	100	100	100	100	100	100	100	0	0	0	0	0	0	0	0	0	0	0	0	0	0	0	0	0	0	0	0	0	0	0	0	0	0	0	0	0	0	0	0	0	0	0	0	0	0	0	0	0	0	0	0	0	0	0	0	0	0	0	0	0	0	0	0	0	0	0	0	0	0	0	0	0
sope2	100	100	100	100	100	100	100	100	100	100	100	100	100	100	100	100	100	100	100	0	0	0	0	0	0	0	0	0	0	0	0	0	0	0	0	0	0	0	0	0	0	0	0	0	0	0	0	0	0	0	0	0	0	0	0	0	0	0	0	0	0	0	0	0	0	0	0	0	0	0	0	0	0	0	0	0	0	0	0	0	0	0	0	0
spao	100	100	100	100	100	100	100	100	100	100	100	100	100	100	100	100	100	100	100	0	0	0	0	0	0	0	0	0	0	0	0	0	0	0	0	0	0	0	0	0	0	0	0	0	0	0	0	0	0	0	0	0	0	0	0	0	0	0	0	0	0	0	0	0	0	0	0	0	0	0	0	0	0	0	0	0	0	0	0	0	0	0	0	0
spap	100	100	100	100	100	100	100	100	100	100	100	100	100	100	100	100	100	100	100	0	0	0	0	0	0	0	0	0	0	0	0	0	0	0	0	0	0	0	0	0	0	0	0	0	0	0	0	0	0	0	0	0	0	0	0	0	0	0	0	0	0	0	0	0	0	0	0	0	0	0	0	0	0	0	0	0	0	0	0	0	0	0	0	0
spaq	100	100	100	100	100	100	100	100	100	100	100	100	100	100	100	100	100	100	100	0	0	0	0	0	0	0	0	0	0	0	0	0	0	0	0	0	0	0	0	0	0	0	0	0	0	0	0	0	0	0	0	0	0	0	0	0	0	0	0	0	0	0	0	0	0	0	0	0	0	0	0	0	0	0	0	0	0	0	0	0	0	0	0	0
spar	100	100	100	100	100	100	100	100	100	100	100	100	100	100	100	100	100	100	100	0	0	0	0	0	0	0	0	0	0	0	0	0	0	0	0	0	0	0	0	0	0	0	0	0	0	0	0	0	0	0	0	0	0	0	0	0	0	0	0	0	0	0	0	0	0	0	0	0	0	0	0	0	0	0	0	0	0	0	0	0	0	0	0	0
spas	100	100	100	100	100	100	100	100	100	100	100	100	100	100	100	100	100	100	100	0	0	0	0	0	0	0	0	0	0	0	0	0	0	0	0	0	0	0	0	0	0	0	0	0	0	0	0	0	0	0	0	0	0	0	0	0	0	0	0	0	0	0	0	0	0	0	0	0	0	0	0	0	0	0	0	0	0	0	0	0	0	0	0	0
spic/ssab	100	100	100	100	100	100	100	100	100	100	100	100	100	100	100	100	100	100	100	0	0	0	0	0	0	0	0	0	0	0	0	0	0	0	0	0	0	0	0	0	0	0	0	0	0	0	0	0	0	0	0	0	0	0	0	0	0	0	0	0	0	0	0	0	0	0	0	0	0	0	0	0	0	0	0	0	0	0	0	0	0	0	0	0
sptp	100	100	100	100	100	100	100	100	100	100	100	100	100	100	100	100	100	100	100	0	0	0	0	0	0	0	0	0	0	0	0	0	0	0	0	0	0	0	0	0	0	0	0	0	0	0	0	0	0	0	0	0	0	0	0	0	0	0	0	0	0	0	0	0	0	0	0	0	0	0	0	0	0	0	0	0	0	0	0	0	0	0	0	0
spvb	0	0	0	0	0	0	0	0	0	0	0	0	0	0	0	0	100	100	100	0	0	0	0	0	0	0	0	0	0	0	0	0	0	0	0	0	0	0	0	0	0	0	0	0	0	0	0	0	0	0	0	0	0	0	0	0	0	0	0	0	0	0	0	0	0	0	0	0	0	0	0	0	0	0	0	0	0	0	0	0	0	0	0	0
spvc	0	0	0	0	0	0	0	0	0	0	0	0	0	0	0	0	100	100	100	0	0	0	0	0	0	0	0	0	0	0	0	0	0	0	0	0	0	0	0	0	0	0	0	0	0	0	0	0	0	0	0	0	0	0	0	0	0	0	0	0	0	0	0	0	0	0	0	0	0	0	0	0	0	0	0	0	0	0	0	0	0	0	0	0
spvr	0	0	0	0	0	0	0	0	0	0	0	0	0	0	0	0	100	100	100	0	0	0	0	0	0	0	0	0	0	0	0	0	0	0	0	0	0	0	0	0	0	0	0	0	0	0	0	0	0	0	0	0	0	0	0	0	0	0	0	0	0	0	0	0	0	0	0	0	0	0	0	0	0	0	0	0	0	0	0	0	0	0	0	0
ssac	100	100	100	100	100	100	100	100	100	100	100	100	100	100	100	100	100	100	100	0	0	0	0	0	0	0	0	0	0	0	0	0	0	0	0	0	0	0	0	0	0	0	0	0	0	0	0	0	0	0	0	0	0	0	0	0	0	0	0	0	0	0	0	0	0	0	0	0	0	0	0	0	0	0	0	0	0	0	0	0	0	0	0	0
ssad	100	100	100	100	100	100	100	100	100	100	100	100	100	100	100	100	100	100	100	0	0	0	0	0	0	0	0	0	0	0	0	0	0	0	0	0	0	0	0	0	0	0	0	0	0	0	0	0	0	0	0	0	0	0	0	0	0	0	0	0	0	0	0	0	0	0	0	0	0	0	0	0	0	0	0	0	0	0	0	0	0	0	0	0
ssae	100	100	100	100	100	100	100	100	100	100	100	100	100	100	100	100	100	100	100	0	0	0	0	0	0	0	0	0	0	0	0	0	0	0	0	0	0	0	0	0	0	0	0	0	0	0	0	0	0	0	0	0	0	0	0	0	0	0	0	0	0	0	0	0	0	0	0	0	0	0	0	0	0	0	0	0	0	0	0	0	0	0	0	0
ssag	100	100	100	100	100	100	100	100	100	100	100	100	100	100	100	100	100	100	100	0	0	0	0	0	0	0	0	0	0	0	0	0	0	0	0	0	0	0	0	0	0	0	0	0	0	0	0	0	0	0	0	0	0	0	0	0	0	0	0	0	0	0	0	0	0	0	0	0	0	0	0	0	0	0	0	0	0	0	0	0	0	0	0	0
ssah	100	100	100	100	100	100	100	100	100	100	100	100	100	100	100	100	100	100	100	0	0	0	0	0	0	0	0	0	0	0	0	0	0	0	0	0	0	0	0	0	0	0	0	0	0	0	0	0	0	0	0	0	0	0	0	0	0	0	0	0	0	0	0	0	0	0	0	0	0	0	0	0	0	0	0	0	0	0	0	0	0	0	0	0
ssai	100	100	100	100	100	100	100	100	100	100	100	100	100	100	100	100	100	100	100	0	0	0	0	0	0	0	0	0	0	0	0	0	0	0	0	0	0	0	0	0	0	0	0	0	0	0	0	0	0	0	0	0	0	0	0	0	0	0	0	0	0	0	0	0	0	0	0	0	0	0	0	0	0	0	0	0	0	0	0	0	0	0	0	0
ssaj	100	100	100	100	100	100	100	100	100	100	100	100	100	100	100	100	100	100	100	0	0	0	0	0	0	0	0	0	0	0	0	0	0	0	0	0	0	0	0	0	0	0	0	0	0	0	0	0	0	0	0	0	0	0	0	0	0	0	0	0	0	0	0	0	0	0	0	0	0	0	0	0	0	0	0	0	0	0	0	0	0	0	0	0
ssak	100	100	100	100	100	100	100	100	100	100	100	100	100	100	100	100	100	100	100	0	0	0	0	0	0	0	0	0	0	0	0	0	0	0	0	0	0	0	0	0	0	0	0	0	0	0	0	0	0	0	0	0	0	0	0	0	0	0	0	0	0	0	0	0	0	0	0	0	0	0	0	0	0	0	0	0	0	0	0	0	0	0	0	0
ssal	100	100	100	100	100	100	100	100	100	100	100	100	100	100	100	100	100	100	100	0	0	0	0	0	0	0	0	0	0	0	0	0	0	0	0	0	0	0	0	0	0	0	0	0	0	0	0	0	0	0	0	0	0	0	0	0	0	0	0	0	0	0	0	0	0	0	0	0	0	0	0	0	0	0	0	0	0	0	0	0	0	0	0	0
ssam	100	100	100	100	100	100	100	100	100	100	100	100	100	100	100	100	100	100	100	0	0	0	0	0	0	0	0	0	0	0	0	0	0	0	0	0	0	0	0	0	0	0	0	0	0	0	0	0	0	0	0	0	0	0	0	0	0	0	0	0	0	0	0	0	0	0	0	0	0	0	0	0	0	0	0	0	0	0	0	0	0	0	0	0
ssan	100	100	100	100	100	100	100	100	100	100	100	100	100	100	100	100	100	100	100	0	0	0	0	0	0	0	0	0	0	0	0	0	0	0	0	0	0	0	0	0	0	0	0	0	0	0	0	0	0	0	0	0	0	0	0	0	0	0	0	0	0	0	0	0	0	0	0	0	0	0	0	0	0	0	0	0	0	0	0	0	0	0	0	0
ssao	100	100	100	100	100	100	100	100	100	100	100	100	100	100	100	100	100	100	100	0	0	0	0	0	0	0	0	0	0	0	0	0	0	0	0	0	0	0	0	0	0	0	0	0	0	0	0	0	0	0	0	0	0	0	0	0	0	0	0	0	0	0	0	0	0	0	0	0	0	0	0	0	0	0	0	0	0	0	0	0	0	0	0	0
ssap	100	100	100	100	100	100	100	100	100	100	100	100	100	100	100	100	100	100	100	0	0	0	0	0	0	0	0	0	0	0	0	0	0	0	0	0	0	0	0	0	0	0	0	0	0	0	0	0	0	0	0	0	0	0	0	0	0	0	0	0	0	0	0	0	0	0	0	0	0	0	0	0	0	0	0	0	0	0	0	0	0	0	0	0
ssaq	100	100	100	100	100	100	100	100	100	100	100	100	100	100	100	100	100	100	100	0	0	0	0	0	0	0	0	0	0	0	0	0	0	0	0	0	0	0	0	0	0	0	0	0	0	0	0	0	0	0	0	0	0	0	0	0	0	0	0	0	0	0	0	0	0	0	0	0	0	0	0	0	0	0	0	0	0	0	0	0	0	0	0	0
ssar	100	100	100	100	100	100	100	100	100	100	100	100	100	100	100	100	100	100	100	0	0	0	0	0	0	0	0	0	0	0	0	0	0	0	0	0	0	0	0	0	0	0	0	0	0	0	0	0	0	0	0	0	0	0	0	0	0	0	0	0	0	0	0	0	0	0	0	0	0	0	0	0	0	0	0	0	0	0	0	0	0	0	0	0
ssas	100	100	100	100	100	100	100	100	100	100	100	100	100	100	100	100	100	100	100	0	0	0	0	0	0	0	0	0	0	0	0	0	0	0	0	0	0	0	0	0	0	0	0	0	0	0	0	0	0	0	0	0	0	0	0	0	0	0	0	0	0	0	0	0	0	0	0	0	0	0	0	0	0	0	0	0	0	0	0	0	0	0	0	0
ssat	100	100	100	100	100	100	100	100	100	100	100	100	100	100	100	100	100	100	100	0	0	0	0	0	0	0	0	0	0	0	0	0	0	0	0	0	0	0	0	0	0	0	0	0	0	0	0	0	0	0	0	0	0	0	0	0	0	0	0	0	0	0	0	0	0	0	0	0	0	0	0	0	0	0	0	0	0	0	0	0	0	0	0	0
ssau	100	100	100	100	100	100	100	100	100	100	100	100	100	100	100	100	100	100	100	0	0	0	0	0	0	0	0	0	0	0	0	0	0	0	0	0	0	0	0	0	0	0	0	0	0	0	0	0	0	0	0	0	0	0	0	0	0	0	0	0	0	0	0	0	0	0	0	0	0	0	0	0	0	0	0	0	0	0	0	0	0	0	0	0
ssav	100	100	100	100	100	100	100	100	100	100	100	100	100	100	100	100	100	100	100	0	0	0	0	0	0	0	0	0	0	0	0	0	0	0	0	0	0	0	0	0	0	0	0	0	0	0	0	0	0	0	0	0	0	0	0	0	0	0	0	0	0	0	0	0	0	0	0	0	0	0	0	0	0	0	0	0	0	0	0	0	0	0	0	0
ssca	99.79	100	100	100	100	100	100	100	100	100	100	100	100	100	100	100	100	100	100	0	0	0	0	0	0	0	0	0	0	0	0	0	0	0	0	0	0	0	0	0	0	0	0	0	0	0	0	0	0	0	0	0	0	0	0	0	0	0	0	0	0	0	0	0	0	0	0	0	0	0	0	0	0	0	0	0	0	0	0	0	0	0	0	0
sscb	100	100	100	100	100	100	100	100	100	100	100	100	100	100	100	100	100	100	100	0	0	0	0	0	0	0	0	0	0	0	0	0	0	0	0	0	0	0	0	0	0	0	0	0	0	0	0	0	0	0	0	0	0	0	0	0	0	0	0	0	0	0	0	0	0	0	0	0	0	0	0	0	0	0	0	0	0	0	0	0	0	0	0	0
ssea	100	100	100	100	100	100	100	100	100	100	100	100	100	100	100	100	100	100	100	0	0	0	0	0	0	0	0	0	0	0	0	0	0	0	0	0	0	0	0	0	0	0	0	0	0	0	0	0	0	0	0	0	0	0	0	0	0	0	0	0	0	0	0	0	0	0	0	0	0	0	0	0	0	0	0	0	0	0	0	0	0	0	0	0
sseb	100	100	100	100	100	100	100	100	100	100	100	100	100	100	100	100	100	100	100	0	0	0	0	0	0	0	0	0	0	0	0	0	0	0	0	0	0	0	0	0	0	0	0	0	0	0	0	0	0	0	0	0	0	0	0	0	0	0	0	0	0	0	0	0	0	0	0	0	0	0	0	0	0	0	0	0	0	0	0	0	0	0	0	0
ssec	100	100	100	100	100	100	100	100	100	100	100	100	100	100	100	100	100	100	100	0	0	0	0	0	0	0	0	0	0	0	0	0	0	0	0	0	0	0	0	0	0	0	0	0	0	0	0	0	0	0	0	0	0	0	0	0	0	0	0	0	0	0	0	0	0	0	0	0	0	0	0	0	0	0	0	0	0	0	0	0	0	0	0	0
ssed	100	100	100	100	100	100	100	100	100	100	100	100	100	100	100	100	100	100	100	0	0	0	0	0	0	0	0	0	0	0	0	0	0	0	0	0	0	0	0	0	0	0	0	0	0	0	0	0	0	0	0	0	0	0	0	0	0	0	0	0	0	0	0	0	0	0	0	0	0	0	0	0	0	0	0	0	0	0	0	0	0	0	0	0
ssee	100	100	100	100	100	100	100	100	100	100	100	100	100	100	100	100	100	100	100	0	0	0	0	0	0	0	0	0	0	0	0	0	0	0	0	0	0	0	0	0	0	0	0	0	0	0	0	0	0	0	0	0	0	0	0	0	0	0	0	0	0	0	0	0	0	0	0	0	0	0	0	0	0	0	0	0	0	0	0	0	0	0	0	0
ssef	100	100	100	100	100	100	100	100	100	100	100	100	100	100	100	100	100	100	100	0	0	0	0	0	0	0	0	0	0	0	0	0	0	0	0	0	0	0	0	0	0	0	0	0	0	0	0	0	0	0	0	0	0	0	0	0	0	0	0	0	0	0	0	0	0	0	0	0	0	0	0	0	0	0	0	0	0	0	0	0	0	0	0	0
sseg	100	100	100	100	100	100	100	100	100	100	100	100	100	100	100	100	100	100	100	0	0	0	0	0	0	0	0	0	0	0	0	0	0	0	0	0	0	0	0	0	0	0	0	0	0	0	0	0	0	0	0	0	0	0	0	0	0	0	0	0	0	0	0	0	0	0	0	0	0	0	0	0	0	0	0	0	0	0	0	0	0	0	0	0
ssei/srfh	0	0	0	0	0	0	0	0	0	0	0	0	0	0	0	0	100	100	100	0	0	0	0	0	0	0	0	0	0	0	0	0	0	0	0	0	0	0	0	0	0	0	0	0	0	0	0	0	0	0	0	0	0	0	0	0	0	0	0	0	0	0	0	0	0	0	0	0	0	0	0	0	0	0	0	0	0	0	0	0	0	0	0	0
ssej	100	100	100	100	100	100	100	100	100	100	100	100	100	100	100	100	100	100	100	0	0	0	0	0	0	0	0	0	0	0	0	0	0	0	0	0	0	0	0	0	0	0	0	0	0	0	0	0	0	0	0	0	0	0	0	0	0	0	0	0	0	0	0	0	0	0	0	0	0	0	0	0	0	0	0	0	0	0	0	0	0	0	0	0
ssek1	0	0	0	0	0	0	0	0	100	0	100	0	0	0	0	0	100	100	100	0	0	0	0	0	0	0	0	0	0	0	0	0	0	0	0	0	0	0	0	0	0	0	0	0	0	0	0	0	0	0	0	0	0	0	0	0	0	0	0	0	0	0	0	0	0	0	0	0	0	0	0	0	0	0	0	0	0	0	0	0	0	0	0	0
ssek2	100	100	100	100	100	100	100	100	100	100	100	100	100	100	100	100	96.85	96.85	96.85	0	0	0	0	0	0	0	0	0	0	0	0	0	0	0	0	0	0	0	0	0	0	0	0	0	0	0	0	0	0	0	0	0	0	0	0	0	0	0	0	0	0	0	0	0	0	0	0	0	0	0	0	0	0	0	0	0	0	0	0	0	0	0	0	0
ssel	100	100	100	100	100	100	100	100	100	100	100	100	100	100	100	100	100	100	100	0	0	0	0	0	0	0	0	0	0	0	0	0	0	0	0	0	0	0	0	0	0	0	0	0	0	0	0	0	0	0	0	0	0	0	0	0	0	0	0	0	0	0	0	0	0	0	0	0	0	0	0	0	0	0	0	0	0	0	0	0	0	0	0	0
ssph2	100	100	0	100	100	100	100	100	0	100	0	100	100	100	100	100	100	100	100	0	0	0	0	0	0	0	0	0	0	0	0	0	0	0	0	0	0	0	0	0	0	0	0	0	0	0	0	0	0	0	0	0	0	0	0	0	0	0	0	0	0	0	0	0	0	0	0	0	0	0	0	0	0	0	0	0	0	0	0	0	0	0	0	0
stea	100	100	100	100	100	100	100	100	100	100	100	100	100	100	100	100	100	100	100	0	0	0	0	0	0	0	0	0	0	0	0	0	0	0	0	0	0	0	0	0	0	0	0	0	0	0	0	0	0	0	0	0	0	0	0	0	0	0	0	0	0	0	0	0	0	0	0	0	0	0	0	0	0	0	0	0	0	0	0	0	0	0	0	0
steb	100	100	100	100	100	100	100	100	100	100	100	100	100	100	100	100	100	100	100	0	0	0	0	0	0	0	0	0	0	0	0	0	0	0	0	0	0	0	0	0	0	0	0	0	0	0	0	0	0	0	0	0	0	0	0	0	0	0	0	0	0	0	0	0	0	0	0	0	0	0	0	0	0	0	0	0	0	0	0	0	0	0	0	0
stec	100	100	100	100	100	100	100	100	100	100	100	100	100	100	100	100	100	100	100	0	0	0	0	0	0	0	0	0	0	0	0	0	0	0	0	0	0	0	0	0	0	0	0	0	0	0	0	0	0	0	0	0	0	0	0	0	0	0	0	0	0	0	0	0	0	0	0	0	0	0	0	0	0	0	0	0	0	0	0	0	0	0	0	0
waac	0	0	0	0	0	0	0	0	0	0	0	0	0	0	0	0	0	0	0	99.81	100	100	100	99.9	99.61	99.9	99.9	99.81	99.9	100	100	99.9	99.9	100	99.71	99.9	99.9	100	99.51	99.9	99.9	99.9	99.9	99.9	99.9	99.9	99.9	99.9	100	100	99.71	100	99.9	99.9	99.9	99.9	99.9	99.9	99.9	99.9	100	99.61	99.9	100	99.81	100	99.9	99.9	100	99.71	99.9	99.9	99.9	100	99.9	100	100	99.9	99.9	99.9	100	100	99.9	99.9
waaf	0	0	0	0	0	0	0	0	0	0	0	0	0	0	0	0	0	0	0	97.5	97.5	97.5	97.5	97.5	97.5	97.5	97.5	97.5	97.5	97.5	97.5	97.5	97.4	97.5	97.5	97.5	97.5	97.5	97.4	97.5	97.5	97.5	97.5	97.5	97.5	97.4	97.5	97.4	97.5	97.5	97.5	97.5	97.5	97.5	97.5	97.5	97.5	97.5	97.5	97.5	97.5	97.29	97.5	97.5	97.5	97.5	97.5	97.5	99.79	99.79	99.79	99.79	99.79	99.79	99.79	99.79	99.79	99.79	99.79	99.79	99.79	99.79	99.79	99.79
waav	0	0	0	0	0	0	0	0	0	0	0	0	0	0	0	0	0	0	0	95.27	95.27	95.27	95.27	95.27	95.27	95.15	95.27	95.27	95.15	95.27	95.27	95.27	95.27	95.27	95.15	95.27	95.27	95.27	95.15	95.27	95.27	95.27	95.27	95.27	95.27	95.27	95.27	95.27	95.27	95.27	95.27	95.27	95.27	95.27	95.27	95.27	95.27	95.27	95.27	95.15	95.27	95.15	95.27	95.27	95.27	95.27	95.27	95.27	95.27	95.27	95.27	95.27	95.27	95.27	95.27	95.27	95.27	95.27	95.27	95.27	95.27	95.27	95.15	95.27
wbap/rfbp	52.97	52.97	52.97	52.97	52.97	52.97	52.97	52.97	52.97	52.97	52.97	52.97	52.97	52.97	52.97	52.97	52.97	52.97	52.97	0	0	0	0	0	0	0	0	0	0	0	0	0	0	0	0	0	0	0	0	0	0	0	0	0	0	0	0	0	0	0	0	0	0	0	0	0	0	0	0	0	0	0	0	0	0	0	0	0	0	0	0	0	0	0	0	0	0	0	0	0	0	0	0	0
wlan	0	0	0	0	0	0	0	0	0	0	0	0	0	0	0	0	0	0	0	0	0	0	0	0	0	0	0	0	0	0	0	0	0	0	0	0	0	0	0	0	0	0	0	0	0	0	0	0	0	0	0	0	0	0	0	0	0	0	0	0	0	0	0	0	0	0	0	0	92.65	92.65	92.65	92.65	92.65	92.65	92.65	92.65	92.65	92.65	92.65	92.65	92.65	92.65	92.65	92.65
ybta	100	100	100	100	100	100	100	100	0	100	0	100	100	100	100	100	0	0	0	0	0	0	0	0	0	0	0	0	0	0	0	0	0	0	0	0	0	0	0	0	0	0	0	0	0	0	0	0	0	0	0	0	0	0	0	0	0	0	0	0	0	0	0	0	0	0	0	0	0	0	0	0	0	0	0	0	0	0	0	0	0	0	0	0
ybte	100	100	100	100	100	100	100	100	0	100	0	100	100	100	100	100	0	0	0	0	0	0	0	0	0	0	0	0	0	0	0	0	0	0	0	0	0	0	0	0	0	0	0	0	0	0	0	0	0	0	0	0	0	0	0	0	0	0	0	0	0	0	0	0	0	0	0	0	0	0	0	0	0	0	0	0	0	0	0	0	0	0	0	0
ybtp	100	100	100	100	100	100	100	100	0	100	0	100	100	100	100	100	0	0	0	0	0	0	0	0	0	0	0	0	0	0	0	0	0	0	0	0	0	0	0	0	0	0	0	0	0	0	0	0	0	0	0	0	0	0	0	0	0	0	0	0	0	0	0	0	0	0	0	0	0	0	0	0	0	0	0	0	0	0	0	0	0	0	0	0
ybtq	100	100	100	100	100	100	100	100	0	100	0	100	100	100	100	100	0	0	0	0	0	0	0	0	0	0	0	0	0	0	0	0	0	0	0	0	0	0	0	0	0	0	0	0	0	0	0	0	0	0	0	0	0	0	0	0	0	0	0	0	0	0	0	0	0	0	0	0	0	0	0	0	0	0	0	0	0	0	0	0	0	0	0	0
ybts	99.62	99.62	99.62	99.62	99.62	99.62	99.62	99.62	0	99.62	0	99.62	99.62	99.62	99.62	99.62	0	0	0	0	0	0	0	0	0	0	0	0	0	0	0	0	0	0	0	0	0	0	0	0	0	0	0	0	0	0	0	0	0	0	0	0	0	0	0	0	0	0	0	0	0	0	0	0	0	0	0	0	0	0	0	0	0	0	0	0	0	0	0	0	0	0	0	0
ybtt	100	100	100	100	100	100	100	100	0	100	0	100	100	100	100	100	0	0	0	0	0	0	0	0	0	0	0	0	0	0	0	0	0	0	0	0	0	0	0	0	0	0	0	0	0	0	0	0	0	0	0	0	0	0	0	0	0	0	0	0	0	0	0	0	0	0	0	0	0	0	0	0	0	0	0	0	0	0	0	0	0	0	0	0
ybtu	100	100	100	100	100	100	100	100	0	100	0	100	100	100	100	100	0	0	0	0	0	0	0	0	0	0	0	0	0	0	0	0	0	0	0	0	0	0	0	0	0	0	0	0	0	0	0	0	0	0	0	0	0	0	0	0	0	0	0	0	0	0	0	0	0	0	0	0	0	0	0	0	0	0	0	0	0	0	0	0	0	0	0	0
ybtx	100	100	100	100	100	100	100	100	0	100	0	100	100	100	100	100	0	0	0	0	0	0	0	0	0	0	0	0	0	0	0	0	0	0	0	0	0	0	0	0	0	0	0	0	0	0	0	0	0	0	0	0	0	0	0	0	0	0	0	0	0	0	0	0	0	0	0	0	0	0	0	0	0	0	0	0	0	0	0	0	0	0	0	0
